
use master
go
IF DB_ID('QLHS') IS NOT NULL
	DROP DATABASE QLHS
GO
CREATE DATABASE QLHS
GO
USE QLHS
GO

CREATE TABLE HOCSINH
(
	MaHocSinh varchar(10),
	TenHocSinh nvarchar(50),
	DiaChi nvarchar(50),
	Email nvarchar(50),
	GioiTinh nvarchar(50)
	
	CONSTRAINT PK_HOCSINH
	PRIMARY KEY(MaHocSinh) 
)
CREATE TABLE PHANLOP
(
	MaPhanLop varchar(10),
	MaLop varchar(10),
	MaHocSinh varchar(50),
	
	CONSTRAINT PK_PHANLOP
	PRIMARY KEY(MaPhanLop)
)
CREATE TABLE LOP
(
	MaLop varchar(10),
	TenLop nvarchar(50),
	MaKhoi varchar(10),
	SiSo int

	CONSTRAINT PK_LOP
	PRIMARY KEY(MaLop)
)
CREATE TABLE KHOI
(
	MaKhoi varchar(10),
	TenKhoi nvarchar(50)

	CONSTRAINT PK_DKGIANGDAY
	PRIMARY KEY(MaKhoi)
)
CREATE TABLE MONHOC
(
	MaMonHoc varchar(10),
	TenMonHoc nvarchar(50)

	CONSTRAINT PK_MONHOC
	PRIMARY KEY(MaMonHoc)
)
CREATE TABLE HOCKY
(
	MaHocKy varchar(10),
	HocKy varchar(10),
	NamHoc varchar(10)
	CONSTRAINT PK_HOCKY
	PRIMARY KEY(MaHocKy)
)
CREATE TABLE BANGDIEMMONHOC
(
	MaBangDiemMon varchar(10),
	MaPhanLop varchar(10),
	MaHocKy varchar(10),
	MaMonHoc varchar(10),
	Diem15 float,
	Diem1Tiet float,
	DiemHocKy float,
	DiemTBMon float,

	CONSTRAINT PK_BANGDIEM
	PRIMARY KEY(MaBangDiemMon)

)
CREATE TABLE KETQUA
(
	MaKetQua varchar(10),
	MaPhanLop varchar(10),
	MaHocKy varchar(10),
	DiemTBHK float

	CONSTRAINT PK_KETQUA
	PRIMARY KEY(MaKetQua)

)
CREATE TABLE THAMSO
(
	TuoiHocSinhToiDa INT,
	TuoiHocSinhToiThieu INT,
	SiSoLopToiDa INT,
	SoLuongMonHoc INT,
	DiemDat float
)

--FOREIGN KEY
ALTER TABLE PHANLOP
ADD
	CONSTRAINT FK_PHANLOP_LOP
	FOREIGN KEY(MaLop)
	REFERENCES LOP(MaLop)

ALTER TABLE LOP
ADD
	CONSTRAINT FK_LOP_KHOI
	FOREIGN KEY (MaKhoi)
	REFERENCES KHOI (MaKhoi)

ALTER TABLE	KETQUA	
ADD
	CONSTRAINT FK_KETQUA_HOCKY
	FOREIGN KEY(MaHocKy)
	REFERENCES HOCKY (MaHocKy),
	
	CONSTRAINT FK_KETQUA_PHANLOP
	FOREIGN KEY(MaPhanLop)
	REFERENCES PHANLOP (MaPhanLop)

ALTER TABLE	BANGDIEMMONHOC	
ADD
	CONSTRAINT FK_BANGDIEM_HOCKY
	FOREIGN KEY(MaHocKy)
	REFERENCES HOCKY (MaHocKy),

	CONSTRAINT FK_BANGDIEM_PHANLOP
	FOREIGN KEY(MaPhanLop)
	REFERENCES PHANLOP(MaPhanLop),
	
	CONSTRAINT FK_BANGDIEM_MONHOC
	FOREIGN KEY(MaMonHoc)
	REFERENCES MONHOC (MaMonHoc)

--INSERT DATA

INSERT INTO THAMSO(TuoiHocSinhToiDa, TuoiHocSinhToiThieu, SiSoLopToiDa, SoLuongMonHoc, DiemDat) 
VALUES (20, 15, 40, 9, 5)

INSERT INTO MONHOC(MaMonHoc, TenMonHoc)
VALUES	('MH001', N'Toán'),
		('MH002', N'Lý'),
		('MH003', N'Hóa'),
		('MH004', N'Sinh'),
		('MH005', N'Sử'),
		('MH006', N'Địa'),
		('MH007', N'Văn'),
		('MH008', N'Đạo đức'),
		('MH009', N'Thể dục')

INSERT INTO KHOI(MaKhoi, TenKhoi)
VALUES	('Khoi010','Khoi 10'),
		('Khoi011','Khoi 11'),
		('Khoi012','Khoi 12')

INSERT INTO HOCKY(MaHocKy, HocKy, NamHoc)
VALUES	('HK1718_1','KH1', '2017-2018'),
		('HK1819_1','HK1', '2018-2019'),
		('HK1920_1','HK1', '2019-2020'),
		('HK1718_2','HK2', '2017-2018'),
		('HK1819_2','HK2', '2018-2019')

INSERT INTO LOP(MaLop,TenLop, MaKhoi)
VALUES	('LH101','10A1', 'Khoi010'),
		('LH102','10A2', 'Khoi010'),
		('LH103','10A3', 'Khoi010'),
		('LH104','10A4', 'Khoi010'),
		('LH111','11A1', 'Khoi011'),
		('LH112','11A2', 'Khoi011'),
		('LH113','11A3', 'Khoi011'),
		('LH121','12A1', 'Khoi012'),
		('LH122','12A2', 'Khoi012')

INSERT INTO HOCSINH(MaHocSinh, TenHocSinh, DiaChi, Email, GioiTinh) VALUES  
(N'HS100100', N'Ngo Van M', N'TP Ho Chi Minh', 'ngovanm@gmail.com', N'Nam'), 
(N'HS100101', N'Nguyen Van S', N'Can Tho', 'nguyenvans@gmail.com', N'Nam'), 
(N'HS100102', N'Le Van N', N'TP Hai Phong', 'levann@gmail.com', N'Nam'), 
(N'HS100103', N'Le Thi P', N'TP Ho Chi Minh', 'lethip@gmail.com', N'Nữ'), 
(N'HS100104', N'Le Van J', N'Da Nang', 'levanj@gmail.com', N'Nam'), 
(N'HS100105', N'Nguyen Thi C', N'TP Hai Phong', 'nguyenthic@gmail.com', N'Nữ'), 
(N'HS100106', N'Nguyen Van X', N'Da Nang', 'nguyenvanx@gmail.com', N'Nam'), 
(N'HS100107', N'Nguyen Thi D', N'Can Tho', 'nguyenthid@gmail.com', N'Nữ'), 
(N'HS100108', N'Nguyen Van C', N'TP Ha Noi', 'nguyenvanc@gmail.com', N'Nam'), 
(N'HS100109', N'Le Van T', N'TP Hai Phong', 'levanguyenthi@gmail.com', N'Nam'), 
(N'HS100110', N'Ngo Van Y', N'Da Nang', 'nguyenvany@gmail.com', N'Nam'), 
(N'HS100111', N'Le Van X', N'TP Hai Phong', 'levanx@gmail.com', N'Nam'),
(N'HS100112', N'Ngo Van O', N'Da Nang', 'ngovano@gmail.com', N'Nam'), 
(N'HS100113', N'Le Thi I', N'Da Nang', 'lethii@gmail.com', N'Nữ'), 
(N'HS100114', N'Tran Thi P', N'Da Nang', 'tranguyenthihip@gmail.com', N'Nữ'), 
(N'HS100115', N'Tran Van J', N'TP Ha Noi', 'tranvanj@gmail.com', N'Nam'), 
(N'HS100116', N'Phan Van M', N'TP Ha Noi', 'phanvanm@gmail.com', N'Nam'), 
(N'HS100117', N'Le Thi Y', N'TP Hai Phong', 'lethiy@gmail.com', N'Nữ'), 
(N'HS100118', N'Phan Van R',N'Can Tho', 'phanvanr@gmail.com', N'Nam'), 
(N'HS100119', N'Ngo Van G', N'Can Tho', 'ngovang@gmail.com', N'Nam'), 
(N'HS100120', N'Le Van H', N'TP Hai Phong', 'levanh@gmail.com', N'Nam'), 
(N'HS100121', N'Tran Van G', N'Da Nang', 'tranvang@gmail.com', N'Nam'), 
(N'HS100122', N'Le Van E', N'Can Tho', 'levane@gmail.com', N'Nam'), 
(N'HS100123', N'Phan Thi H', N'TP Hai Phong', 'phanthih@gmail.com', N'Nữ'), 
(N'HS100124', N'Nguyen Thi U', N'Can Tho', 'nguyenthiu@gmail.com', N'Nữ'), 
(N'HS100125', N'Tran Van J', N'Can Tho', 'tranvanj@gmail.com', N'Nam'), 
(N'HS100126', N'Tran Thi J', N'TP Ho Chi Minh', 'tranguyenthihij@gmail.com', N'Nữ'), 
(N'HS100127', N'Nguyen Thi C', N'Da Nang', 'nguyenthic@gmail.com', N'Nữ'), 
(N'HS100128', N'Le Thi I', N'Da Nang', 'lethii@gmail.com', N'Nữ'), 
(N'HS100129', N'Tran Thi G', N'TP Hai Phong', 'tranguyenthihig@gmail.com', N'Nữ'), 
(N'HS100130', N'Phan Van Y', N'TP Hai Phong', 'phanvany@gmail.com', N'Nam'), 
(N'HS100131', N'Tran Van F', N'TP Ho Chi Minh', 'tranvanf@gmail.com', N'Nam'), 
(N'HS100132', N'Phan Van P', N'Can Tho', 'phanvanp@gmail.com', N'Nam'), 
(N'HS100133', N'Phan Van L', N'TP Hai Phong', 'phanvanl@gmail.com', N'Nam'), 
(N'HS100134', N'Phan Van F', N'Da Nang', 'phanvanf@gmail.com', N'Nam'), 
(N'HS100135', N'Ngo Van H', N'TP Ho Chi Minh', 'ngovanh@gmail.com', N'Nam'), 
(N'HS100136', N'Ngo Thi L', N'Da Nang', 'ngothil@gmail.com', N'Nữ'), 
(N'HS100137', N'Tran Van F', N'TP Ho Chi Minh', 'phanvanf@gmail.com', N'Nam'), 
(N'HS100138', N'Ngo Thi W', N'TP Ha Noi', 'ngothiw@gmail.com', N'Nữ'), 
(N'HS100139', N'Ngo Thi P', N'TP Ha Noi', 'ngothip@gmail.com', N'Nữ'), 
(N'HS100140', N'Le Van H', N'TP Ha Noi', 'levanh@gmail.com', N'Nam'), 
(N'HS100141', N'Ngo Thi D', N'TP Ho Chi Minh', 'ngothid@gmail.com', N'Nữ'), 
(N'HS100142', N'Ngo Thi W', N'TP Hai Phong', 'ngothiw@gmail.com', N'Nữ'), 
(N'HS100143', N'Le Thi G', N'TP Ho Chi Minh', 'lethig@gmail.com', N'Nữ'), 
(N'HS100144', N'Tran Van L', N'TP Ho Chi Minh', 'tranvanl@gmail.com', N'Nam'), 
(N'HS100145', N'Tran Thi H', N'Can Tho', 'tranguyenthihih@gmail.com', N'Nữ'), 
(N'HS100146', N'Le Van L', N'TP Ho Chi Minh', 'levanl@gmail.com', N'Nam'), 
(N'HS100147', N'Ngo Van V', N'Can Tho', 'ngovanguyenvan@gmail.com', N'Nam'), 
(N'HS100148', N'Le Van I', N'TP Ha Noi', 'levani@gmail.com', N'Nam'), 
(N'HS100150', N'Tran Van D', N'Can Tho', 'tranvand@gmail.com', N'Nam'), 
(N'HS100151', N'Nguyen Van R', N'Can Tho', 'nguyenvanr@gmail.com', N'Nam'), 
(N'HS100152', N'Le Thi L', N'TP Hai Phong', 'lethil@gmail.com', N'Nữ'), 
(N'HS100153', N'Ngo Van L', N'TP Ho Chi Minh', 'ngovanl@gmail.com', N'Nam'), 
(N'HS100154', N'Phan Van I', N'TP Ho Chi Minh', 'phanvani@gmail.com', N'Nam'), 
(N'HS100155', N'Ngo Thi A', N'Da Nang', 'ngothia@gmail.com', N'Nữ'), 
(N'HS100156', N'Ngo Thi K', N'TP Ho Chi Minh', 'ngothik@gmail.com', N'Nữ'), 
(N'HS100157', N'Phan Van S', N'TP Hai Phong', 'phanvans@gmail.com', N'Nam'),
(N'HS100158', N'Nguyen Thi S', N'TP Hai Phong', 'nguyenthis@gmail.com', N'Nữ'), 
(N'HS100159', N'Nguyen Thi U', N'Da Nang', 'nguyenthiu@gmail.com', N'Nữ'), 
(N'HS100160', N'Ngo Thi F', N'Can Tho', 'nguyenthif@gmail.com', N'Nữ'), 
(N'HS100161', N'Le Van U', N'TP Ho Chi Minh', 'levanu@gmail.com', N'Nam'), 
(N'HS100162', N'Ngo Thi T', N'Da Nang', 'ngothit@gmail.com', N'Nữ'), 
(N'HS100163', N'Phan Thi O', N'Can Tho', 'phanthio@gmail.com', N'Nữ'), 
(N'HS100164', N'Tran Thi F', N'TP Hai Phong', 'tranguyenthihif@gmail.com', N'Nam'), 
(N'HS100165', N'Nguyen Van H', N'TP Hai Phong', 'nguyenvanh@gmail.com', N'Nam'), 
(N'HS100166', N'Tran Van X', N'Da Nang', 'tranvanx@gmail.com', N'Nam'), 
(N'HS100167', N'Phan Van N', N'TP Hai Phong', 'phanvann@gmail.com', N'Nam'), 
(N'HS100168', N'Phan Thi H', N'Can Tho', 'phanthih@gmail.com', N'Nam'), 
(N'HS100169', N'Ngo Van W', N'TP Ha Noi', 'ngovanw@gmail.com', N'Nam'), 
(N'HS100170', N'Tran Thi L', N'TP Ho Chi Minh', 'tranguyenthihil@gmail.com', N'Nữ'), 
(N'HS100171', N'Phan Thi N', N'TP Ha Noi', 'phanthin@gmail.com', N'Nữ'), 
(N'HS100172', N'Tran Van Q', N'Can Tho', 'tranvanq@gmail.com', N'Nam'), 
(N'HS100173', N'Phan Thi B', N'Da Nang', 'phanthip@gmail.com', N'Nữ'), 
(N'HS100174', N'Ngo Thi I', N'TP Ha Noi', 'nguyenthii@gmail.com', N'Nữ'), 
(N'HS100175', N'Tran Van P', N'Da Nang', 'tranvanp@gmail.com', N'Nam'), 
(N'HS100176', N'Le Van Q', N'Da Nang', 'levanq@gmail.com', N'Nam'), 
(N'HS100177', N'Le Thi N', N'TP Hai Phong', 'lethin@gmail.com', N'Nam'), 
(N'HS100178', N'Nguyen Thi D', N'TP Ho Chi Minh', 'nguyenthid@gmail.com', N'Nữ'), 
(N'HS100179', N'Nguyen Thi S', N'Can Tho', 'nguyenthis@gmail.com', N'Nữ'), 
(N'HS100180', N'Ngo Thi I', N'Da Nang', 'ngothii@gmail.com', N'Nữ'), 
(N'HS100181', N'Ngo Thi A', N'Da Nang', 'ngothia@gmail.com', N'Nữ'), 
(N'HS100182', N'Le Thi P', N'Da Nang', 'lethip@gmail.com', N'Nữ'), 
(N'HS100183', N'Ngo Van E', N'TP Hai Phong', 'ngovane@gmail.com', N'Nam'), 
(N'HS100184', N'Le Thi V', N'TP Ha Noi', 'lethiv84@gmail.com', N'Nữ'), 
(N'HS100185', N'Le Thi V', N'Da Nang', 'lethiv85@gmail.com', N'Nữ'), 
(N'HS100186', N'Le Van M', N'TP Ho Chi Minh', 'levanm@gmail.com', N'Nam'), 
(N'HS100187', N'Tran Thi U', N'TP Ho Chi Minh', 'tranguyenthihiu@gmail.com', N'Nam'), 
(N'HS100188', N'Ngo Van Q', N'Da Nang', 'ngovanq@gmail.com', N'Nam'), 
(N'HS100189', N'Le Van R', N'Can Tho', 'levanr@gmail.com', N'Nam'), 
(N'HS100190', N'Tran Thi U', N'TP Ha Noi', 'tranguyenthihiu@gmail.com', N'Nam') 

INSERT INTO PHANLOP(MaPhanLop, MaHocSinh, MaLop) VALUES
(N'PL100100',N'HS100100', N'LH101'), 
(N'PL100101',N'HS100101', N'LH101'), 
(N'PL100102',N'HS100102', N'LH101'), 
(N'PL100103',N'HS100103', N'LH101'), 
(N'PL100104',N'HS100104', N'LH101'), 
(N'PL100105',N'HS100105', N'LH101'), 
(N'PL100106',N'HS100106', N'LH101'), 
(N'PL100107',N'HS100107', N'LH101'), 
(N'PL100108',N'HS100108', N'LH101'), 
(N'PL100109',N'HS100109', N'LH101'), 
(N'PL100110',N'HS100110', N'LH102'), 
(N'PL100111',N'HS100111', N'LH102'),
(N'PL100112',N'HS100112', N'LH102'), 
(N'PL100113',N'HS100113', N'LH102'), 
(N'PL100114',N'HS100114', N'LH102'), 
(N'PL100115',N'HS100115', N'LH102'), 
(N'PL100116',N'HS100116', N'LH102'), 
(N'PL100117',N'HS100117', N'LH102'), 
(N'PL100118',N'HS100118', N'LH102'), 
(N'PL100119',N'HS100119', N'LH102'), 
(N'PL100120',N'HS100120', N'LH103'), 
(N'PL100121',N'HS100121', N'LH103'), 
(N'PL100122',N'HS100122', N'LH103'), 
(N'PL100123',N'HS100123', N'LH103'), 
(N'PL100124',N'HS100124', N'LH103'), 
(N'PL100125',N'HS100125', N'LH103'), 
(N'PL100126',N'HS100126', N'LH103'), 
(N'PL100127',N'HS100127', N'LH103'), 
(N'PL100128',N'HS100128', N'LH103'), 
(N'PL100129',N'HS100129', N'LH103'), 
(N'PL100130',N'HS100130', N'LH104'), 
(N'PL100131',N'HS100131', N'LH104'), 
(N'PL100132',N'HS100132', N'LH104'), 
(N'PL100133',N'HS100133', N'LH104'), 
(N'PL100134',N'HS100134', N'LH104'), 
(N'PL100135',N'HS100135', N'LH104'), 
(N'PL100136',N'HS100136', N'LH104'), 
(N'PL100137',N'HS100137', N'LH104'), 
(N'PL100138',N'HS100138', N'LH104'), 
(N'PL100139',N'HS100139', N'LH104'), 
(N'PL100140',N'HS100140', N'LH111'), 
(N'PL100141',N'HS100141', N'LH111'), 
(N'PL100142',N'HS100142', N'LH111'), 
(N'PL100143',N'HS100143', N'LH111'), 
(N'PL100144',N'HS100144', N'LH111'), 
(N'PL100145',N'HS100145', N'LH111'), 
(N'PL100146',N'HS100146', N'LH111'), 
(N'PL100147',N'HS100147', N'LH111'), 
(N'PL100148',N'HS100148', N'LH111'), 
(N'PL100150',N'HS100150', N'LH112'), 
(N'PL100151',N'HS100151', N'LH112'), 
(N'PL100152',N'HS100152', N'LH112'), 
(N'PL100153',N'HS100153', N'LH112'), 
(N'PL100154',N'HS100154', N'LH112'), 
(N'PL100155',N'HS100155', N'LH112'), 
(N'PL100156',N'HS100156', N'LH112'), 
(N'PL100157',N'HS100157', N'LH112'),
(N'PL100158',N'HS100158', N'LH112'), 
(N'PL100159',N'HS100159', N'LH112'), 
(N'PL100160',N'HS100160', N'LH113'), 
(N'PL100161',N'HS100161', N'LH113'), 
(N'PL100162',N'HS100162', N'LH113'), 
(N'PL100163',N'HS100163', N'LH113'), 
(N'PL100164',N'HS100164', N'LH113'), 
(N'PL100165',N'HS100165', N'LH113'), 
(N'PL100166',N'HS100166', N'LH113'), 
(N'PL100167',N'HS100167', N'LH113'), 
(N'PL100168',N'HS100168', N'LH113'), 
(N'PL100169',N'HS100169', N'LH113'), 
(N'PL100170',N'HS100170', N'LH121'), 
(N'PL100171',N'HS100171', N'LH121'), 
(N'PL100172',N'HS100172', N'LH121'), 
(N'PL100173',N'HS100173', N'LH121'), 
(N'PL100174',N'HS100174', N'LH121'), 
(N'PL100175',N'HS100175', N'LH121'), 
(N'PL100176',N'HS100176', N'LH121'), 
(N'PL100177',N'HS100177', N'LH121'), 
(N'PL100178',N'HS100178', N'LH121'), 
(N'PL100179',N'HS100179', N'LH121'), 
(N'PL100180',N'HS100180', N'LH122'), 
(N'PL100181',N'HS100181', N'LH122'), 
(N'PL100182',N'HS100182', N'LH122'), 
(N'PL100183',N'HS100183', N'LH122'), 
(N'PL100184',N'HS100184', N'LH122'), 
(N'PL100185',N'HS100185', N'LH122'), 
(N'PL100186',N'HS100186', N'LH122'), 
(N'PL100187',N'HS100187', N'LH122'), 
(N'PL100188',N'HS100188', N'LH122'), 
(N'PL100189',N'HS100189', N'LH122'), 
(N'PL100190',N'HS100190', N'LH122') 

INSERT INTO KETQUA(MaKetQua, MaPhanLop, MaHocKy, DiemTBHK) VALUES
(N'KQ100100',N'PL100100',N'HK1920_1',8.9), 
(N'KQ100101',N'PL100101',N'HK1920_1',8.9), 
(N'KQ100102',N'PL100102',N'HK1920_1',8.9), 
(N'KQ100103',N'PL100103',N'HK1920_1',8.9), 
(N'KQ100104',N'PL100104',N'HK1920_1',8.9), 
(N'KQ100105',N'PL100105',N'HK1920_1',8.9), 
(N'KQ100106',N'PL100106',N'HK1920_1',8.9), 
(N'KQ100107',N'PL100107',N'HK1920_1',8.9), 
(N'KQ100108',N'PL100108',N'HK1920_1',8.9), 
(N'KQ100109',N'PL100109',N'HK1920_1',8.9), 
(N'KQ100110',N'PL100110',N'HK1920_1',8.9), 
(N'KQ100111',N'PL100111',N'HK1920_1',8.9),
(N'KQ100112',N'PL100112',N'HK1920_1',8.9), 
(N'KQ100113',N'PL100113',N'HK1920_1',8.9), 
(N'KQ100114',N'PL100114',N'HK1920_1',8.9), 
(N'KQ100115',N'PL100115',N'HK1920_1',8.9), 
(N'KQ100116',N'PL100116',N'HK1920_1',8.9), 
(N'KQ100117',N'PL100117',N'HK1920_1',8.9), 
(N'KQ100118',N'PL100118',N'HK1920_1',8.9), 
(N'KQ100119',N'PL100119',N'HK1920_1',8.9), 
(N'KQ100120',N'PL100120',N'HK1920_1',8.9), 
(N'KQ100121',N'PL100121',N'HK1920_1',8.9), 
(N'KQ100122',N'PL100122',N'HK1920_1',8.9), 
(N'KQ100123',N'PL100123',N'HK1920_1',8.9), 
(N'KQ100124',N'PL100124',N'HK1920_1',8.9), 
(N'KQ100125',N'PL100125',N'HK1920_1',8.9), 
(N'KQ100126',N'PL100126',N'HK1920_1',8.9), 
(N'KQ100127',N'PL100127',N'HK1920_1',8.9), 
(N'KQ100128',N'PL100128',N'HK1920_1',8.9), 
(N'KQ100129',N'PL100129',N'HK1920_1',8.9), 
(N'KQ100130',N'PL100130',N'HK1920_1',8.9), 
(N'KQ100131',N'PL100131',N'HK1920_1',8.9), 
(N'KQ100132',N'PL100132',N'HK1920_1',8.9), 
(N'KQ100133',N'PL100133',N'HK1920_1',8.9), 
(N'KQ100134',N'PL100134',N'HK1920_1',8.9), 
(N'KQ100135',N'PL100135',N'HK1920_1',8.9), 
(N'KQ100136',N'PL100136',N'HK1920_1',8.9), 
(N'KQ100137',N'PL100137',N'HK1920_1',8.9), 
(N'KQ100138',N'PL100138',N'HK1920_1',8.9), 
(N'KQ100139',N'PL100139',N'HK1920_1',8.9), 
(N'KQ100140',N'PL100140',N'HK1920_1',8.9), 
(N'KQ100141',N'PL100141',N'HK1920_1',8.9), 
(N'KQ100142',N'PL100142',N'HK1920_1',8.9), 
(N'KQ100143',N'PL100143',N'HK1920_1',8.9), 
(N'KQ100144',N'PL100144',N'HK1920_1',8.9), 
(N'KQ100145',N'PL100145',N'HK1920_1',8.9), 
(N'KQ100146',N'PL100146',N'HK1920_1',8.9), 
(N'KQ100147',N'PL100147',N'HK1920_1',8.9), 
(N'KQ100148',N'PL100148',N'HK1920_1',8.9), 
(N'KQ100150',N'PL100150',N'HK1920_1',8.9), 
(N'KQ100151',N'PL100151',N'HK1920_1',8.9), 
(N'KQ100152',N'PL100152',N'HK1920_1',8.9), 
(N'KQ100153',N'PL100153',N'HK1920_1',8.9), 
(N'KQ100154',N'PL100154',N'HK1920_1',8.9), 
(N'KQ100155',N'PL100155',N'HK1920_1',8.9), 
(N'KQ100156',N'PL100156',N'HK1920_1',8.9), 
(N'KQ100157',N'PL100157',N'HK1920_1',8.9),
(N'KQ100158',N'PL100158',N'HK1920_1',8.9), 
(N'KQ100159',N'PL100159',N'HK1920_1',8.9), 
(N'KQ100160',N'PL100160',N'HK1920_1',8.9), 
(N'KQ100161',N'PL100161',N'HK1920_1',8.9), 
(N'KQ100162',N'PL100162',N'HK1920_1',8.9), 
(N'KQ100163',N'PL100163',N'HK1920_1',8.9), 
(N'KQ100164',N'PL100164',N'HK1920_1',8.9), 
(N'KQ100165',N'PL100165',N'HK1920_1',8.9), 
(N'KQ100166',N'PL100166',N'HK1920_1',8.9), 
(N'KQ100167',N'PL100167',N'HK1920_1',8.9), 
(N'KQ100168',N'PL100168',N'HK1920_1',8.9), 
(N'KQ100169',N'PL100169',N'HK1920_1',8.9), 
(N'KQ100170',N'PL100170',N'HK1920_1',8.9), 
(N'KQ100171',N'PL100171',N'HK1920_1',8.9), 
(N'KQ100172',N'PL100172',N'HK1920_1',8.9), 
(N'KQ100173',N'PL100173',N'HK1920_1',8.9), 
(N'KQ100174',N'PL100174',N'HK1920_1',8.9), 
(N'KQ100175',N'PL100175',N'HK1920_1',8.9), 
(N'KQ100176',N'PL100176',N'HK1920_1',8.9), 
(N'KQ100177',N'PL100177',N'HK1920_1',8.9), 
(N'KQ100178',N'PL100178',N'HK1920_1',8.9), 
(N'KQ100179',N'PL100179',N'HK1920_1',8.9), 
(N'KQ100180',N'PL100180',N'HK1920_1',8.9), 
(N'KQ100181',N'PL100181',N'HK1920_1',8.9), 
(N'KQ100182',N'PL100182',N'HK1920_1',8.9), 
(N'KQ100183',N'PL100183',N'HK1920_1',8.9), 
(N'KQ100184',N'PL100184',N'HK1920_1',8.9), 
(N'KQ100185',N'PL100185',N'HK1920_1',8.9), 
(N'KQ100186',N'PL100186',N'HK1920_1',8.9), 
(N'KQ100187',N'PL100187',N'HK1920_1',8.9), 
(N'KQ100188',N'PL100188',N'HK1920_1',8.9), 
(N'KQ100189',N'PL100189',N'HK1920_1',8.9), 
(N'KQ100190',N'PL100190',N'HK1920_1',8.9)

INSERT INTO BANGDIEMMONHOC(MaBangDiemMon, MaPhanLop, MaHocKy, MaMonHoc, Diem15, Diem1Tiet, DiemHocKy) VALUES
--Toan
(N'BD000100',N'PL100100',N'HK1920_1', 'MH001',  9, 9, 9), 
(N'BD000101',N'PL100101',N'HK1920_1', 'MH001',  9, 9, 9), 
(N'BD000102',N'PL100102',N'HK1920_1', 'MH001',  9, 9, 9), 
(N'BD000103',N'PL100103',N'HK1920_1', 'MH001',  9, 9, 9), 
(N'BD000104',N'PL100104',N'HK1920_1', 'MH001',  9, 9, 9), 
(N'BD000105',N'PL100105',N'HK1920_1', 'MH001',  9, 9, 9), 
(N'BD000106',N'PL100106',N'HK1920_1', 'MH001',  9, 9, 9), 
(N'BD000107',N'PL100107',N'HK1920_1', 'MH001',  9, 9, 9), 
(N'BD000108',N'PL100108',N'HK1920_1', 'MH001',  9, 9, 9), 
(N'BD000109',N'PL100109',N'HK1920_1', 'MH001',  9, 9, 9), 
(N'BD000110',N'PL100110',N'HK1920_1', 'MH001',  9, 9, 9), 
(N'BD000111',N'PL100111',N'HK1920_1', 'MH001',  9, 9, 9),
(N'BD000112',N'PL100112',N'HK1920_1', 'MH001',  9, 9, 9), 
(N'BD000113',N'PL100113',N'HK1920_1', 'MH001',  9, 9, 9), 
(N'BD000114',N'PL100114',N'HK1920_1', 'MH001',  9, 9, 9), 
(N'BD000115',N'PL100115',N'HK1920_1', 'MH001',  9, 9, 9), 
(N'BD000116',N'PL100116',N'HK1920_1', 'MH001',  9, 9, 9), 
(N'BD000117',N'PL100117',N'HK1920_1', 'MH001',  9, 9, 9), 
(N'BD000118',N'PL100118',N'HK1920_1', 'MH001',  9, 9, 9), 
(N'BD000119',N'PL100119',N'HK1920_1', 'MH001',  9, 9, 9), 
(N'BD000120',N'PL100120',N'HK1920_1', 'MH001',  9, 9, 9), 
(N'BD000121',N'PL100121',N'HK1920_1', 'MH001',  9, 9, 9), 
(N'BD000122',N'PL100122',N'HK1920_1', 'MH001',  9, 9, 9), 
(N'BD000123',N'PL100123',N'HK1920_1', 'MH001',  9, 9, 9), 
(N'BD000124',N'PL100124',N'HK1920_1', 'MH001',  9, 9, 9), 
(N'BD000125',N'PL100125',N'HK1920_1', 'MH001',  9, 9, 9), 
(N'BD000126',N'PL100126',N'HK1920_1', 'MH001',  9, 9, 9), 
(N'BD000127',N'PL100127',N'HK1920_1', 'MH001',  9, 9, 9), 
(N'BD000128',N'PL100128',N'HK1920_1', 'MH001',  9, 9, 9), 
(N'BD000129',N'PL100129',N'HK1920_1', 'MH001',  9, 9, 9), 
(N'BD000130',N'PL100130',N'HK1920_1', 'MH001',  9, 9, 9), 
(N'BD000131',N'PL100131',N'HK1920_1', 'MH001',  9, 9, 9), 
(N'BD000132',N'PL100132',N'HK1920_1', 'MH001',  9, 9, 9), 
(N'BD000133',N'PL100133',N'HK1920_1', 'MH001',  9, 9, 9), 
(N'BD000134',N'PL100134',N'HK1920_1', 'MH001',  9, 9, 9), 
(N'BD000135',N'PL100135',N'HK1920_1', 'MH001',  9, 9, 9), 
(N'BD000136',N'PL100136',N'HK1920_1', 'MH001',  9, 9, 9), 
(N'BD000137',N'PL100137',N'HK1920_1', 'MH001',  9, 9, 9), 
(N'BD000138',N'PL100138',N'HK1920_1', 'MH001',  9, 9, 9), 
(N'BD000139',N'PL100139',N'HK1920_1', 'MH001',  9, 9, 9), 
(N'BD000140',N'PL100140',N'HK1920_1', 'MH001',  9, 9, 9), 
(N'BD000141',N'PL100141',N'HK1920_1', 'MH001',  9, 9, 9), 
(N'BD000142',N'PL100142',N'HK1920_1', 'MH001',  9, 9, 9), 
(N'BD000143',N'PL100143',N'HK1920_1', 'MH001',  9, 9, 9), 
(N'BD000144',N'PL100144',N'HK1920_1', 'MH001',  9, 9, 9), 
(N'BD000145',N'PL100145',N'HK1920_1', 'MH001',  9, 9, 9), 
(N'BD000146',N'PL100146',N'HK1920_1', 'MH001',  9, 9, 9), 
(N'BD000147',N'PL100147',N'HK1920_1', 'MH001',  9, 9, 9), 
(N'BD000148',N'PL100148',N'HK1920_1', 'MH001',  9, 9, 9), 
(N'BD000150',N'PL100150',N'HK1920_1', 'MH001',  9, 9, 9), 
(N'BD000151',N'PL100151',N'HK1920_1', 'MH001',  9, 9, 9), 
(N'BD000152',N'PL100152',N'HK1920_1', 'MH001',  9, 9, 9), 
(N'BD000153',N'PL100153',N'HK1920_1', 'MH001',  9, 9, 9), 
(N'BD000154',N'PL100154',N'HK1920_1', 'MH001',  9, 9, 9), 
(N'BD000155',N'PL100155',N'HK1920_1', 'MH001',  9, 9, 9), 
(N'BD000156',N'PL100156',N'HK1920_1', 'MH001',  9, 9, 9), 
(N'BD000157',N'PL100157',N'HK1920_1', 'MH001',  9, 9, 9),
(N'BD000158',N'PL100158',N'HK1920_1', 'MH001',  9, 9, 9), 
(N'BD000159',N'PL100159',N'HK1920_1', 'MH001',  9, 9, 9), 
(N'BD000160',N'PL100160',N'HK1920_1', 'MH001',  9, 9, 9), 
(N'BD000161',N'PL100161',N'HK1920_1', 'MH001',  9, 9, 9), 
(N'BD000162',N'PL100162',N'HK1920_1', 'MH001',  9, 9, 9), 
(N'BD000163',N'PL100163',N'HK1920_1', 'MH001',  9, 9, 9), 
(N'BD000164',N'PL100164',N'HK1920_1', 'MH001',  9, 9, 9), 
(N'BD000165',N'PL100165',N'HK1920_1', 'MH001',  9, 9, 9), 
(N'BD000166',N'PL100166',N'HK1920_1', 'MH001',  9, 9, 9), 
(N'BD000167',N'PL100167',N'HK1920_1', 'MH001',  9, 9, 9), 
(N'BD000168',N'PL100168',N'HK1920_1', 'MH001',  9, 9, 9), 
(N'BD000169',N'PL100169',N'HK1920_1', 'MH001',  9, 9, 9), 
(N'BD000170',N'PL100170',N'HK1920_1', 'MH001',  9, 9, 9), 
(N'BD000171',N'PL100171',N'HK1920_1', 'MH001',  9, 9, 9), 
(N'BD000172',N'PL100172',N'HK1920_1', 'MH001',  9, 9, 9), 
(N'BD000173',N'PL100173',N'HK1920_1', 'MH001',  9, 9, 9), 
(N'BD000174',N'PL100174',N'HK1920_1', 'MH001',  9, 9, 9), 
(N'BD000175',N'PL100175',N'HK1920_1', 'MH001',  9, 9, 9), 
(N'BD000176',N'PL100176',N'HK1920_1', 'MH001',  9, 9, 9), 
(N'BD000177',N'PL100177',N'HK1920_1', 'MH001',  9, 9, 9), 
(N'BD000178',N'PL100178',N'HK1920_1', 'MH001',  9, 9, 9), 
(N'BD000179',N'PL100179',N'HK1920_1', 'MH001',  9, 9, 9), 
(N'BD000180',N'PL100180',N'HK1920_1', 'MH001',  9, 9, 9), 
(N'BD000181',N'PL100181',N'HK1920_1', 'MH001',  9, 9, 9), 
(N'BD000182',N'PL100182',N'HK1920_1', 'MH001',  9, 9, 9), 
(N'BD000183',N'PL100183',N'HK1920_1', 'MH001',  9, 9, 9), 
(N'BD000184',N'PL100184',N'HK1920_1', 'MH001',  9, 9, 9), 
(N'BD000185',N'PL100185',N'HK1920_1', 'MH001',  9, 9, 9), 
(N'BD000186',N'PL100186',N'HK1920_1', 'MH001',  9, 9, 9), 
(N'BD000187',N'PL100187',N'HK1920_1', 'MH001',  9, 9, 9), 
(N'BD000188',N'PL100188',N'HK1920_1', 'MH001',  9, 9, 9), 
(N'BD000189',N'PL100189',N'HK1920_1', 'MH001',  9, 9, 9), 
(N'BD000190',N'PL100190',N'HK1920_1', 'MH001',  9, 9, 9),

--Ly
(N'BD000200',N'PL100100',N'HK1920_1', 'MH002',  9, 9, 9), 
(N'BD000201',N'PL100101',N'HK1920_1', 'MH002',  9, 9, 9), 
(N'BD000202',N'PL100102',N'HK1920_1', 'MH002',  9, 9, 9), 
(N'BD000203',N'PL100103',N'HK1920_1', 'MH002',  9, 9, 9), 
(N'BD000204',N'PL100104',N'HK1920_1', 'MH002',  9, 9, 9), 
(N'BD000205',N'PL100105',N'HK1920_1', 'MH002',  9, 9, 9), 
(N'BD000206',N'PL100106',N'HK1920_1', 'MH002',  9, 9, 9), 
(N'BD000207',N'PL100107',N'HK1920_1', 'MH002',  9, 9, 9), 
(N'BD000208',N'PL100108',N'HK1920_1', 'MH002',  9, 9, 9), 
(N'BD000209',N'PL100109',N'HK1920_1', 'MH002',  9, 9, 9), 
(N'BD000210',N'PL100110',N'HK1920_1', 'MH002',  9, 9, 9), 
(N'BD000211',N'PL100111',N'HK1920_1', 'MH002',  9, 9, 9),
(N'BD000212',N'PL100112',N'HK1920_1', 'MH002',  9, 9, 9), 
(N'BD000213',N'PL100113',N'HK1920_1', 'MH002',  9, 9, 9), 
(N'BD000214',N'PL100114',N'HK1920_1', 'MH002',  9, 9, 9), 
(N'BD000215',N'PL100115',N'HK1920_1', 'MH002',  9, 9, 9), 
(N'BD000216',N'PL100116',N'HK1920_1', 'MH002',  9, 9, 9), 
(N'BD000217',N'PL100117',N'HK1920_1', 'MH002',  9, 9, 9), 
(N'BD000218',N'PL100118',N'HK1920_1', 'MH002',  9, 9, 9), 
(N'BD000219',N'PL100119',N'HK1920_1', 'MH002',  9, 9, 9), 
(N'BD000220',N'PL100120',N'HK1920_1', 'MH002',  9, 9, 9), 
(N'BD000221',N'PL100121',N'HK1920_1', 'MH002',  9, 9, 9), 
(N'BD000222',N'PL100122',N'HK1920_1', 'MH002',  9, 9, 9), 
(N'BD000223',N'PL100123',N'HK1920_1', 'MH002',  9, 9, 9), 
(N'BD000224',N'PL100124',N'HK1920_1', 'MH002',  9, 9, 9), 
(N'BD000225',N'PL100125',N'HK1920_1', 'MH002',  9, 9, 9), 
(N'BD000226',N'PL100126',N'HK1920_1', 'MH002',  9, 9, 9), 
(N'BD000227',N'PL100127',N'HK1920_1', 'MH002',  9, 9, 9), 
(N'BD000228',N'PL100128',N'HK1920_1', 'MH002',  9, 9, 9), 
(N'BD000229',N'PL100129',N'HK1920_1', 'MH002',  9, 9, 9), 
(N'BD000230',N'PL100130',N'HK1920_1', 'MH002',  9, 9, 9), 
(N'BD000231',N'PL100131',N'HK1920_1', 'MH002',  9, 9, 9), 
(N'BD000232',N'PL100132',N'HK1920_1', 'MH002',  9, 9, 9), 
(N'BD000233',N'PL100133',N'HK1920_1', 'MH002',  9, 9, 9), 
(N'BD000234',N'PL100134',N'HK1920_1', 'MH002',  9, 9, 9), 
(N'BD000235',N'PL100135',N'HK1920_1', 'MH002',  9, 9, 9), 
(N'BD000236',N'PL100136',N'HK1920_1', 'MH002',  9, 9, 9), 
(N'BD000237',N'PL100137',N'HK1920_1', 'MH002',  9, 9, 9), 
(N'BD000238',N'PL100138',N'HK1920_1', 'MH002',  9, 9, 9), 
(N'BD000239',N'PL100139',N'HK1920_1', 'MH002',  9, 9, 9), 
(N'BD000240',N'PL100140',N'HK1920_1', 'MH002',  9, 9, 9), 
(N'BD000241',N'PL100141',N'HK1920_1', 'MH002',  9, 9, 9), 
(N'BD000242',N'PL100142',N'HK1920_1', 'MH002',  9, 9, 9), 
(N'BD000243',N'PL100143',N'HK1920_1', 'MH002',  9, 9, 9), 
(N'BD000244',N'PL100144',N'HK1920_1', 'MH002',  9, 9, 9), 
(N'BD000245',N'PL100145',N'HK1920_1', 'MH002',  9, 9, 9), 
(N'BD000246',N'PL100146',N'HK1920_1', 'MH002',  9, 9, 9), 
(N'BD000247',N'PL100147',N'HK1920_1', 'MH002',  9, 9, 9), 
(N'BD000248',N'PL100148',N'HK1920_1', 'MH002',  9, 9, 9), 
(N'BD000250',N'PL100150',N'HK1920_1', 'MH002',  9, 9, 9), 
(N'BD000251',N'PL100151',N'HK1920_1', 'MH002',  9, 9, 9), 
(N'BD000252',N'PL100152',N'HK1920_1', 'MH002',  9, 9, 9), 
(N'BD000253',N'PL100153',N'HK1920_1', 'MH002',  9, 9, 9), 
(N'BD000254',N'PL100154',N'HK1920_1', 'MH002',  9, 9, 9), 
(N'BD000255',N'PL100155',N'HK1920_1', 'MH002',  9, 9, 9), 
(N'BD000256',N'PL100156',N'HK1920_1', 'MH002',  9, 9, 9), 
(N'BD000257',N'PL100157',N'HK1920_1', 'MH002',  9, 9, 9),
(N'BD000258',N'PL100158',N'HK1920_1', 'MH002',  9, 9, 9), 
(N'BD000259',N'PL100159',N'HK1920_1', 'MH002',  9, 9, 9), 
(N'BD000260',N'PL100160',N'HK1920_1', 'MH002',  9, 9, 9), 
(N'BD000261',N'PL100161',N'HK1920_1', 'MH002',  9, 9, 9), 
(N'BD000262',N'PL100162',N'HK1920_1', 'MH002',  9, 9, 9), 
(N'BD000263',N'PL100163',N'HK1920_1', 'MH002',  9, 9, 9), 
(N'BD000264',N'PL100164',N'HK1920_1', 'MH002',  9, 9, 9), 
(N'BD000265',N'PL100165',N'HK1920_1', 'MH002',  9, 9, 9), 
(N'BD000266',N'PL100166',N'HK1920_1', 'MH002',  9, 9, 9), 
(N'BD000267',N'PL100167',N'HK1920_1', 'MH002',  9, 9, 9), 
(N'BD000268',N'PL100168',N'HK1920_1', 'MH002',  9, 9, 9), 
(N'BD000269',N'PL100169',N'HK1920_1', 'MH002',  9, 9, 9), 
(N'BD000270',N'PL100170',N'HK1920_1', 'MH002',  9, 9, 9), 
(N'BD000271',N'PL100171',N'HK1920_1', 'MH002',  9, 9, 9), 
(N'BD000272',N'PL100172',N'HK1920_1', 'MH002',  9, 9, 9), 
(N'BD000273',N'PL100173',N'HK1920_1', 'MH002',  9, 9, 9), 
(N'BD000274',N'PL100174',N'HK1920_1', 'MH002',  9, 9, 9), 
(N'BD000275',N'PL100175',N'HK1920_1', 'MH002',  9, 9, 9), 
(N'BD000276',N'PL100176',N'HK1920_1', 'MH002',  9, 9, 9), 
(N'BD000277',N'PL100177',N'HK1920_1', 'MH002',  9, 9, 9), 
(N'BD000278',N'PL100178',N'HK1920_1', 'MH002',  9, 9, 9), 
(N'BD000279',N'PL100179',N'HK1920_1', 'MH002',  9, 9, 9), 
(N'BD000280',N'PL100180',N'HK1920_1', 'MH002',  9, 9, 9), 
(N'BD000281',N'PL100181',N'HK1920_1', 'MH002',  9, 9, 9), 
(N'BD000282',N'PL100182',N'HK1920_1', 'MH002',  9, 9, 9), 
(N'BD000283',N'PL100183',N'HK1920_1', 'MH002',  9, 9, 9), 
(N'BD000284',N'PL100184',N'HK1920_1', 'MH002',  9, 9, 9), 
(N'BD000285',N'PL100185',N'HK1920_1', 'MH002',  9, 9, 9), 
(N'BD000286',N'PL100186',N'HK1920_1', 'MH002',  9, 9, 9), 
(N'BD000287',N'PL100187',N'HK1920_1', 'MH002',  9, 9, 9), 
(N'BD000288',N'PL100188',N'HK1920_1', 'MH002',  9, 9, 9), 
(N'BD000289',N'PL100189',N'HK1920_1', 'MH002',  9, 9, 9), 
(N'BD000290',N'PL100190',N'HK1920_1', 'MH002',  9, 9, 9),

--Hoa
(N'BD000300',N'PL100100',N'HK1920_1', 'MH003',  9, 9, 9), 
(N'BD000301',N'PL100101',N'HK1920_1', 'MH003',  9, 9, 9), 
(N'BD000302',N'PL100102',N'HK1920_1', 'MH003',  9, 9, 9), 
(N'BD000303',N'PL100103',N'HK1920_1', 'MH003',  9, 9, 9), 
(N'BD000304',N'PL100104',N'HK1920_1', 'MH003',  9, 9, 9), 
(N'BD000305',N'PL100105',N'HK1920_1', 'MH003',  9, 9, 9), 
(N'BD000306',N'PL100106',N'HK1920_1', 'MH003',  9, 9, 9), 
(N'BD000307',N'PL100107',N'HK1920_1', 'MH003',  9, 9, 9), 
(N'BD000308',N'PL100108',N'HK1920_1', 'MH003',  9, 9, 9), 
(N'BD000309',N'PL100109',N'HK1920_1', 'MH003',  9, 9, 9), 
(N'BD000310',N'PL100110',N'HK1920_1', 'MH003',  9, 9, 9), 
(N'BD000311',N'PL100111',N'HK1920_1', 'MH003',  9, 9, 9),
(N'BD000312',N'PL100112',N'HK1920_1', 'MH003',  9, 9, 9), 
(N'BD000313',N'PL100113',N'HK1920_1', 'MH003',  9, 9, 9), 
(N'BD000314',N'PL100114',N'HK1920_1', 'MH003',  9, 9, 9), 
(N'BD000315',N'PL100115',N'HK1920_1', 'MH003',  9, 9, 9), 
(N'BD000316',N'PL100116',N'HK1920_1', 'MH003',  9, 9, 9), 
(N'BD000317',N'PL100117',N'HK1920_1', 'MH003',  9, 9, 9), 
(N'BD000318',N'PL100118',N'HK1920_1', 'MH003',  9, 9, 9), 
(N'BD000319',N'PL100119',N'HK1920_1', 'MH003',  9, 9, 9), 
(N'BD000320',N'PL100120',N'HK1920_1', 'MH003',  9, 9, 9), 
(N'BD000321',N'PL100121',N'HK1920_1', 'MH003',  9, 9, 9), 
(N'BD000322',N'PL100122',N'HK1920_1', 'MH003',  9, 9, 9), 
(N'BD000323',N'PL100123',N'HK1920_1', 'MH003',  9, 9, 9), 
(N'BD000324',N'PL100124',N'HK1920_1', 'MH003',  9, 9, 9), 
(N'BD000325',N'PL100125',N'HK1920_1', 'MH003',  9, 9, 9), 
(N'BD000326',N'PL100126',N'HK1920_1', 'MH003',  9, 9, 9), 
(N'BD000327',N'PL100127',N'HK1920_1', 'MH003',  9, 9, 9), 
(N'BD000328',N'PL100128',N'HK1920_1', 'MH003',  9, 9, 9), 
(N'BD000329',N'PL100129',N'HK1920_1', 'MH003',  9, 9, 9), 
(N'BD000330',N'PL100130',N'HK1920_1', 'MH003',  9, 9, 9), 
(N'BD000331',N'PL100131',N'HK1920_1', 'MH003',  9, 9, 9), 
(N'BD000332',N'PL100132',N'HK1920_1', 'MH003',  9, 9, 9), 
(N'BD000333',N'PL100133',N'HK1920_1', 'MH003',  9, 9, 9), 
(N'BD000334',N'PL100134',N'HK1920_1', 'MH003',  9, 9, 9), 
(N'BD000335',N'PL100135',N'HK1920_1', 'MH003',  9, 9, 9), 
(N'BD000336',N'PL100136',N'HK1920_1', 'MH003',  9, 9, 9), 
(N'BD000337',N'PL100137',N'HK1920_1', 'MH003',  9, 9, 9), 
(N'BD000338',N'PL100138',N'HK1920_1', 'MH003',  9, 9, 9), 
(N'BD000339',N'PL100139',N'HK1920_1', 'MH003',  9, 9, 9), 
(N'BD000340',N'PL100140',N'HK1920_1', 'MH003',  9, 9, 9), 
(N'BD000341',N'PL100141',N'HK1920_1', 'MH003',  9, 9, 9), 
(N'BD000342',N'PL100142',N'HK1920_1', 'MH003',  9, 9, 9), 
(N'BD000343',N'PL100143',N'HK1920_1', 'MH003',  9, 9, 9), 
(N'BD000344',N'PL100144',N'HK1920_1', 'MH003',  9, 9, 9), 
(N'BD000345',N'PL100145',N'HK1920_1', 'MH003',  9, 9, 9), 
(N'BD000346',N'PL100146',N'HK1920_1', 'MH003',  9, 9, 9), 
(N'BD000347',N'PL100147',N'HK1920_1', 'MH003',  9, 9, 9), 
(N'BD000348',N'PL100148',N'HK1920_1', 'MH003',  9, 9, 9), 
(N'BD000350',N'PL100150',N'HK1920_1', 'MH003',  9, 9, 9), 
(N'BD000351',N'PL100151',N'HK1920_1', 'MH003',  9, 9, 9), 
(N'BD000352',N'PL100152',N'HK1920_1', 'MH003',  9, 9, 9), 
(N'BD000353',N'PL100153',N'HK1920_1', 'MH003',  9, 9, 9), 
(N'BD000354',N'PL100154',N'HK1920_1', 'MH003',  9, 9, 9), 
(N'BD000355',N'PL100155',N'HK1920_1', 'MH003',  9, 9, 9), 
(N'BD000356',N'PL100156',N'HK1920_1', 'MH003',  9, 9, 9), 
(N'BD000357',N'PL100157',N'HK1920_1', 'MH003',  9, 9, 9),
(N'BD000358',N'PL100158',N'HK1920_1', 'MH003',  9, 9, 9), 
(N'BD000359',N'PL100159',N'HK1920_1', 'MH003',  9, 9, 9), 
(N'BD000360',N'PL100160',N'HK1920_1', 'MH003',  9, 9, 9), 
(N'BD000361',N'PL100161',N'HK1920_1', 'MH003',  9, 9, 9), 
(N'BD000362',N'PL100162',N'HK1920_1', 'MH003',  9, 9, 9), 
(N'BD000363',N'PL100163',N'HK1920_1', 'MH003',  9, 9, 9), 
(N'BD000364',N'PL100164',N'HK1920_1', 'MH003',  9, 9, 9), 
(N'BD000365',N'PL100165',N'HK1920_1', 'MH003',  9, 9, 9), 
(N'BD000366',N'PL100166',N'HK1920_1', 'MH003',  9, 9, 9), 
(N'BD000367',N'PL100167',N'HK1920_1', 'MH003',  9, 9, 9), 
(N'BD000368',N'PL100168',N'HK1920_1', 'MH003',  9, 9, 9), 
(N'BD000369',N'PL100169',N'HK1920_1', 'MH003',  9, 9, 9), 
(N'BD000370',N'PL100170',N'HK1920_1', 'MH003',  9, 9, 9), 
(N'BD000371',N'PL100171',N'HK1920_1', 'MH003',  9, 9, 9), 
(N'BD000372',N'PL100172',N'HK1920_1', 'MH003',  9, 9, 9), 
(N'BD000373',N'PL100173',N'HK1920_1', 'MH003',  9, 9, 9), 
(N'BD000374',N'PL100174',N'HK1920_1', 'MH003',  9, 9, 9), 
(N'BD000375',N'PL100175',N'HK1920_1', 'MH003',  9, 9, 9), 
(N'BD000376',N'PL100176',N'HK1920_1', 'MH003',  9, 9, 9), 
(N'BD000377',N'PL100177',N'HK1920_1', 'MH003',  9, 9, 9), 
(N'BD000378',N'PL100178',N'HK1920_1', 'MH003',  9, 9, 9), 
(N'BD000379',N'PL100179',N'HK1920_1', 'MH003',  9, 9, 9), 
(N'BD000380',N'PL100180',N'HK1920_1', 'MH003',  9, 9, 9), 
(N'BD000381',N'PL100181',N'HK1920_1', 'MH003',  9, 9, 9), 
(N'BD000382',N'PL100182',N'HK1920_1', 'MH003',  9, 9, 9), 
(N'BD000383',N'PL100183',N'HK1920_1', 'MH003',  9, 9, 9), 
(N'BD000384',N'PL100184',N'HK1920_1', 'MH003',  9, 9, 9), 
(N'BD000385',N'PL100185',N'HK1920_1', 'MH003',  9, 9, 9), 
(N'BD000386',N'PL100186',N'HK1920_1', 'MH003',  9, 9, 9), 
(N'BD000387',N'PL100187',N'HK1920_1', 'MH003',  9, 9, 9), 
(N'BD000388',N'PL100188',N'HK1920_1', 'MH003',  9, 9, 9), 
(N'BD000389',N'PL100189',N'HK1920_1', 'MH003',  9, 9, 9), 
(N'BD000390',N'PL100190',N'HK1920_1', 'MH003',  9, 9, 9),

--Sinh
(N'BD000400',N'PL100100',N'HK1920_1', 'MH004',  9, 9, 9), 
(N'BD000401',N'PL100101',N'HK1920_1', 'MH004',  9, 9, 9), 
(N'BD000402',N'PL100102',N'HK1920_1', 'MH004',  9, 9, 9), 
(N'BD000403',N'PL100103',N'HK1920_1', 'MH004',  9, 9, 9), 
(N'BD000404',N'PL100104',N'HK1920_1', 'MH004',  9, 9, 9), 
(N'BD000405',N'PL100105',N'HK1920_1', 'MH004',  9, 9, 9), 
(N'BD000406',N'PL100106',N'HK1920_1', 'MH004',  9, 9, 9), 
(N'BD000407',N'PL100107',N'HK1920_1', 'MH004',  9, 9, 9), 
(N'BD000408',N'PL100108',N'HK1920_1', 'MH004',  9, 9, 9), 
(N'BD000409',N'PL100109',N'HK1920_1', 'MH004',  9, 9, 9), 
(N'BD000410',N'PL100110',N'HK1920_1', 'MH004',  9, 9, 9), 
(N'BD000411',N'PL100111',N'HK1920_1', 'MH004',  9, 9, 9),
(N'BD000412',N'PL100112',N'HK1920_1', 'MH004',  9, 9, 9), 
(N'BD000413',N'PL100113',N'HK1920_1', 'MH004',  9, 9, 9), 
(N'BD000414',N'PL100114',N'HK1920_1', 'MH004',  9, 9, 9), 
(N'BD000415',N'PL100115',N'HK1920_1', 'MH004',  9, 9, 9), 
(N'BD000416',N'PL100116',N'HK1920_1', 'MH004',  9, 9, 9), 
(N'BD000417',N'PL100117',N'HK1920_1', 'MH004',  9, 9, 9), 
(N'BD000418',N'PL100118',N'HK1920_1', 'MH004',  9, 9, 9), 
(N'BD000419',N'PL100119',N'HK1920_1', 'MH004',  9, 9, 9), 
(N'BD000420',N'PL100120',N'HK1920_1', 'MH004',  9, 9, 9), 
(N'BD000421',N'PL100121',N'HK1920_1', 'MH004',  9, 9, 9), 
(N'BD000422',N'PL100122',N'HK1920_1', 'MH004',  9, 9, 9), 
(N'BD000423',N'PL100123',N'HK1920_1', 'MH004',  9, 9, 9), 
(N'BD000424',N'PL100124',N'HK1920_1', 'MH004',  9, 9, 9), 
(N'BD000425',N'PL100125',N'HK1920_1', 'MH004',  9, 9, 9), 
(N'BD000426',N'PL100126',N'HK1920_1', 'MH004',  9, 9, 9), 
(N'BD000427',N'PL100127',N'HK1920_1', 'MH004',  9, 9, 9), 
(N'BD000428',N'PL100128',N'HK1920_1', 'MH004',  9, 9, 9), 
(N'BD000429',N'PL100129',N'HK1920_1', 'MH004',  9, 9, 9), 
(N'BD000430',N'PL100130',N'HK1920_1', 'MH004',  9, 9, 9), 
(N'BD000431',N'PL100131',N'HK1920_1', 'MH004',  9, 9, 9), 
(N'BD000432',N'PL100132',N'HK1920_1', 'MH004',  9, 9, 9), 
(N'BD000433',N'PL100133',N'HK1920_1', 'MH004',  9, 9, 9), 
(N'BD000434',N'PL100134',N'HK1920_1', 'MH004',  9, 9, 9), 
(N'BD000435',N'PL100135',N'HK1920_1', 'MH004',  9, 9, 9), 
(N'BD000436',N'PL100136',N'HK1920_1', 'MH004',  9, 9, 9), 
(N'BD000437',N'PL100137',N'HK1920_1', 'MH004',  9, 9, 9), 
(N'BD000438',N'PL100138',N'HK1920_1', 'MH004',  9, 9, 9), 
(N'BD000439',N'PL100139',N'HK1920_1', 'MH004',  9, 9, 9), 
(N'BD000440',N'PL100140',N'HK1920_1', 'MH004',  9, 9, 9), 
(N'BD000441',N'PL100141',N'HK1920_1', 'MH004',  9, 9, 9), 
(N'BD000442',N'PL100142',N'HK1920_1', 'MH004',  9, 9, 9), 
(N'BD000443',N'PL100143',N'HK1920_1', 'MH004',  9, 9, 9), 
(N'BD000444',N'PL100144',N'HK1920_1', 'MH004',  9, 9, 9), 
(N'BD000445',N'PL100145',N'HK1920_1', 'MH004',  9, 9, 9), 
(N'BD000446',N'PL100146',N'HK1920_1', 'MH004',  9, 9, 9), 
(N'BD000447',N'PL100147',N'HK1920_1', 'MH004',  9, 9, 9), 
(N'BD000448',N'PL100148',N'HK1920_1', 'MH004',  9, 9, 9), 
(N'BD000450',N'PL100150',N'HK1920_1', 'MH004',  9, 9, 9), 
(N'BD000451',N'PL100151',N'HK1920_1', 'MH004',  9, 9, 9), 
(N'BD000452',N'PL100152',N'HK1920_1', 'MH004',  9, 9, 9), 
(N'BD000453',N'PL100153',N'HK1920_1', 'MH004',  9, 9, 9), 
(N'BD000454',N'PL100154',N'HK1920_1', 'MH004',  9, 9, 9), 
(N'BD000455',N'PL100155',N'HK1920_1', 'MH004',  9, 9, 9), 
(N'BD000456',N'PL100156',N'HK1920_1', 'MH004',  9, 9, 9), 
(N'BD000457',N'PL100157',N'HK1920_1', 'MH004',  9, 9, 9),
(N'BD000458',N'PL100158',N'HK1920_1', 'MH004',  9, 9, 9), 
(N'BD000459',N'PL100159',N'HK1920_1', 'MH004',  9, 9, 9), 
(N'BD000460',N'PL100160',N'HK1920_1', 'MH004',  9, 9, 9), 
(N'BD000461',N'PL100161',N'HK1920_1', 'MH004',  9, 9, 9), 
(N'BD000462',N'PL100162',N'HK1920_1', 'MH004',  9, 9, 9), 
(N'BD000463',N'PL100163',N'HK1920_1', 'MH004',  9, 9, 9), 
(N'BD000464',N'PL100164',N'HK1920_1', 'MH004',  9, 9, 9), 
(N'BD000465',N'PL100165',N'HK1920_1', 'MH004',  9, 9, 9), 
(N'BD000466',N'PL100166',N'HK1920_1', 'MH004',  9, 9, 9), 
(N'BD000467',N'PL100167',N'HK1920_1', 'MH004',  9, 9, 9), 
(N'BD000468',N'PL100168',N'HK1920_1', 'MH004',  9, 9, 9), 
(N'BD000469',N'PL100169',N'HK1920_1', 'MH004',  9, 9, 9), 
(N'BD000470',N'PL100170',N'HK1920_1', 'MH004',  9, 9, 9), 
(N'BD000471',N'PL100171',N'HK1920_1', 'MH004',  9, 9, 9), 
(N'BD000472',N'PL100172',N'HK1920_1', 'MH004',  9, 9, 9), 
(N'BD000473',N'PL100173',N'HK1920_1', 'MH004',  9, 9, 9), 
(N'BD000474',N'PL100174',N'HK1920_1', 'MH004',  9, 9, 9), 
(N'BD000475',N'PL100175',N'HK1920_1', 'MH004',  9, 9, 9), 
(N'BD000476',N'PL100176',N'HK1920_1', 'MH004',  9, 9, 9), 
(N'BD000477',N'PL100177',N'HK1920_1', 'MH004',  9, 9, 9), 
(N'BD000478',N'PL100178',N'HK1920_1', 'MH004',  9, 9, 9), 
(N'BD000479',N'PL100179',N'HK1920_1', 'MH004',  9, 9, 9), 
(N'BD000480',N'PL100180',N'HK1920_1', 'MH004',  9, 9, 9), 
(N'BD000481',N'PL100181',N'HK1920_1', 'MH004',  9, 9, 9), 
(N'BD000482',N'PL100182',N'HK1920_1', 'MH004',  9, 9, 9), 
(N'BD000483',N'PL100183',N'HK1920_1', 'MH004',  9, 9, 9), 
(N'BD000484',N'PL100184',N'HK1920_1', 'MH004',  9, 9, 9), 
(N'BD000485',N'PL100185',N'HK1920_1', 'MH004',  9, 9, 9), 
(N'BD000486',N'PL100186',N'HK1920_1', 'MH004',  9, 9, 9), 
(N'BD000487',N'PL100187',N'HK1920_1', 'MH004',  9, 9, 9), 
(N'BD000488',N'PL100188',N'HK1920_1', 'MH004',  9, 9, 9), 
(N'BD000489',N'PL100189',N'HK1920_1', 'MH004',  9, 9, 9), 
(N'BD000490',N'PL100190',N'HK1920_1', 'MH004',  9, 9, 9),

--Su
(N'BD000500',N'PL100100',N'HK1920_1', 'MH005',  9, 9, 9), 
(N'BD000501',N'PL100101',N'HK1920_1', 'MH005',  9, 9, 9), 
(N'BD000502',N'PL100102',N'HK1920_1', 'MH005',  9, 9, 9), 
(N'BD000503',N'PL100103',N'HK1920_1', 'MH005',  9, 9, 9), 
(N'BD000504',N'PL100104',N'HK1920_1', 'MH005',  9, 9, 9), 
(N'BD000505',N'PL100105',N'HK1920_1', 'MH005',  9, 9, 9), 
(N'BD000506',N'PL100106',N'HK1920_1', 'MH005',  9, 9, 9), 
(N'BD000507',N'PL100107',N'HK1920_1', 'MH005',  9, 9, 9), 
(N'BD000508',N'PL100108',N'HK1920_1', 'MH005',  9, 9, 9), 
(N'BD000509',N'PL100109',N'HK1920_1', 'MH005',  9, 9, 9), 
(N'BD000510',N'PL100110',N'HK1920_1', 'MH005',  9, 9, 9), 
(N'BD000511',N'PL100111',N'HK1920_1', 'MH005',  9, 9, 9),
(N'BD000512',N'PL100112',N'HK1920_1', 'MH005',  9, 9, 9), 
(N'BD000513',N'PL100113',N'HK1920_1', 'MH005',  9, 9, 9), 
(N'BD000514',N'PL100114',N'HK1920_1', 'MH005',  9, 9, 9), 
(N'BD000515',N'PL100115',N'HK1920_1', 'MH005',  9, 9, 9), 
(N'BD000516',N'PL100116',N'HK1920_1', 'MH005',  9, 9, 9), 
(N'BD000517',N'PL100117',N'HK1920_1', 'MH005',  9, 9, 9), 
(N'BD000518',N'PL100118',N'HK1920_1', 'MH005',  9, 9, 9), 
(N'BD000519',N'PL100119',N'HK1920_1', 'MH005',  9, 9, 9), 
(N'BD000520',N'PL100120',N'HK1920_1', 'MH005',  9, 9, 9), 
(N'BD000521',N'PL100121',N'HK1920_1', 'MH005',  9, 9, 9), 
(N'BD000522',N'PL100122',N'HK1920_1', 'MH005',  9, 9, 9), 
(N'BD000523',N'PL100123',N'HK1920_1', 'MH005',  9, 9, 9), 
(N'BD000524',N'PL100124',N'HK1920_1', 'MH005',  9, 9, 9), 
(N'BD000525',N'PL100125',N'HK1920_1', 'MH005',  9, 9, 9), 
(N'BD000526',N'PL100126',N'HK1920_1', 'MH005',  9, 9, 9), 
(N'BD000527',N'PL100127',N'HK1920_1', 'MH005',  9, 9, 9), 
(N'BD000528',N'PL100128',N'HK1920_1', 'MH005',  9, 9, 9), 
(N'BD000529',N'PL100129',N'HK1920_1', 'MH005',  9, 9, 9), 
(N'BD000530',N'PL100130',N'HK1920_1', 'MH005',  9, 9, 9), 
(N'BD000531',N'PL100131',N'HK1920_1', 'MH005',  9, 9, 9), 
(N'BD000532',N'PL100132',N'HK1920_1', 'MH005',  9, 9, 9), 
(N'BD000533',N'PL100133',N'HK1920_1', 'MH005',  9, 9, 9), 
(N'BD000534',N'PL100134',N'HK1920_1', 'MH005',  9, 9, 9), 
(N'BD000535',N'PL100135',N'HK1920_1', 'MH005',  9, 9, 9), 
(N'BD000536',N'PL100136',N'HK1920_1', 'MH005',  9, 9, 9), 
(N'BD000537',N'PL100137',N'HK1920_1', 'MH005',  9, 9, 9), 
(N'BD000538',N'PL100138',N'HK1920_1', 'MH005',  9, 9, 9), 
(N'BD000539',N'PL100139',N'HK1920_1', 'MH005',  9, 9, 9), 
(N'BD000540',N'PL100140',N'HK1920_1', 'MH005',  9, 9, 9), 
(N'BD000541',N'PL100141',N'HK1920_1', 'MH005',  9, 9, 9), 
(N'BD000542',N'PL100142',N'HK1920_1', 'MH005',  9, 9, 9), 
(N'BD000543',N'PL100143',N'HK1920_1', 'MH005',  9, 9, 9), 
(N'BD000544',N'PL100144',N'HK1920_1', 'MH005',  9, 9, 9), 
(N'BD000545',N'PL100145',N'HK1920_1', 'MH005',  9, 9, 9), 
(N'BD000546',N'PL100146',N'HK1920_1', 'MH005',  9, 9, 9), 
(N'BD000547',N'PL100147',N'HK1920_1', 'MH005',  9, 9, 9), 
(N'BD000548',N'PL100148',N'HK1920_1', 'MH005',  9, 9, 9), 
(N'BD000550',N'PL100150',N'HK1920_1', 'MH005',  9, 9, 9), 
(N'BD000551',N'PL100151',N'HK1920_1', 'MH005',  9, 9, 9), 
(N'BD000552',N'PL100152',N'HK1920_1', 'MH005',  9, 9, 9), 
(N'BD000553',N'PL100153',N'HK1920_1', 'MH005',  9, 9, 9), 
(N'BD000554',N'PL100154',N'HK1920_1', 'MH005',  9, 9, 9), 
(N'BD000555',N'PL100155',N'HK1920_1', 'MH005',  9, 9, 9), 
(N'BD000556',N'PL100156',N'HK1920_1', 'MH005',  9, 9, 9), 
(N'BD000557',N'PL100157',N'HK1920_1', 'MH005',  9, 9, 9),
(N'BD000558',N'PL100158',N'HK1920_1', 'MH005',  9, 9, 9), 
(N'BD000559',N'PL100159',N'HK1920_1', 'MH005',  9, 9, 9), 
(N'BD000560',N'PL100160',N'HK1920_1', 'MH005',  9, 9, 9), 
(N'BD000561',N'PL100161',N'HK1920_1', 'MH005',  9, 9, 9), 
(N'BD000562',N'PL100162',N'HK1920_1', 'MH005',  9, 9, 9), 
(N'BD000563',N'PL100163',N'HK1920_1', 'MH005',  9, 9, 9), 
(N'BD000564',N'PL100164',N'HK1920_1', 'MH005',  9, 9, 9), 
(N'BD000565',N'PL100165',N'HK1920_1', 'MH005',  9, 9, 9), 
(N'BD000566',N'PL100166',N'HK1920_1', 'MH005',  9, 9, 9), 
(N'BD000567',N'PL100167',N'HK1920_1', 'MH005',  9, 9, 9), 
(N'BD000568',N'PL100168',N'HK1920_1', 'MH005',  9, 9, 9), 
(N'BD000569',N'PL100169',N'HK1920_1', 'MH005',  9, 9, 9), 
(N'BD000570',N'PL100170',N'HK1920_1', 'MH005',  9, 9, 9), 
(N'BD000571',N'PL100171',N'HK1920_1', 'MH005',  9, 9, 9), 
(N'BD000572',N'PL100172',N'HK1920_1', 'MH005',  9, 9, 9), 
(N'BD000573',N'PL100173',N'HK1920_1', 'MH005',  9, 9, 9), 
(N'BD000574',N'PL100174',N'HK1920_1', 'MH005',  9, 9, 9), 
(N'BD000575',N'PL100175',N'HK1920_1', 'MH005',  9, 9, 9), 
(N'BD000576',N'PL100176',N'HK1920_1', 'MH005',  9, 9, 9), 
(N'BD000577',N'PL100177',N'HK1920_1', 'MH005',  9, 9, 9), 
(N'BD000578',N'PL100178',N'HK1920_1', 'MH005',  9, 9, 9), 
(N'BD000579',N'PL100179',N'HK1920_1', 'MH005',  9, 9, 9), 
(N'BD000580',N'PL100180',N'HK1920_1', 'MH005',  9, 9, 9), 
(N'BD000581',N'PL100181',N'HK1920_1', 'MH005',  9, 9, 9), 
(N'BD000582',N'PL100182',N'HK1920_1', 'MH005',  9, 9, 9), 
(N'BD000583',N'PL100183',N'HK1920_1', 'MH005',  9, 9, 9), 
(N'BD000584',N'PL100184',N'HK1920_1', 'MH005',  9, 9, 9), 
(N'BD000585',N'PL100185',N'HK1920_1', 'MH005',  9, 9, 9), 
(N'BD000586',N'PL100186',N'HK1920_1', 'MH005',  9, 9, 9), 
(N'BD000587',N'PL100187',N'HK1920_1', 'MH005',  9, 9, 9), 
(N'BD000588',N'PL100188',N'HK1920_1', 'MH005',  9, 9, 9), 
(N'BD000589',N'PL100189',N'HK1920_1', 'MH005',  9, 9, 9), 
(N'BD000590',N'PL100190',N'HK1920_1', 'MH005',  9, 9, 9),

--Dia
(N'BD000600',N'PL100100',N'HK1920_1', 'MH006',  9, 9, 9), 
(N'BD000601',N'PL100101',N'HK1920_1', 'MH006',  9, 9, 9), 
(N'BD000602',N'PL100102',N'HK1920_1', 'MH006',  9, 9, 9), 
(N'BD000603',N'PL100103',N'HK1920_1', 'MH006',  9, 9, 9), 
(N'BD000604',N'PL100104',N'HK1920_1', 'MH006',  9, 9, 9), 
(N'BD000605',N'PL100105',N'HK1920_1', 'MH006',  9, 9, 9), 
(N'BD000606',N'PL100106',N'HK1920_1', 'MH006',  9, 9, 9), 
(N'BD000607',N'PL100107',N'HK1920_1', 'MH006',  9, 9, 9), 
(N'BD000608',N'PL100108',N'HK1920_1', 'MH006',  9, 9, 9), 
(N'BD000609',N'PL100109',N'HK1920_1', 'MH006',  9, 9, 9), 
(N'BD000610',N'PL100110',N'HK1920_1', 'MH006',  9, 9, 9), 
(N'BD000611',N'PL100111',N'HK1920_1', 'MH006',  9, 9, 9),
(N'BD000612',N'PL100112',N'HK1920_1', 'MH006',  9, 9, 9), 
(N'BD000613',N'PL100113',N'HK1920_1', 'MH006',  9, 9, 9), 
(N'BD000614',N'PL100114',N'HK1920_1', 'MH006',  9, 9, 9), 
(N'BD000615',N'PL100115',N'HK1920_1', 'MH006',  9, 9, 9), 
(N'BD000616',N'PL100116',N'HK1920_1', 'MH006',  9, 9, 9), 
(N'BD000617',N'PL100117',N'HK1920_1', 'MH006',  9, 9, 9), 
(N'BD000618',N'PL100118',N'HK1920_1', 'MH006',  9, 9, 9), 
(N'BD000619',N'PL100119',N'HK1920_1', 'MH006',  9, 9, 9), 
(N'BD000620',N'PL100120',N'HK1920_1', 'MH006',  9, 9, 9), 
(N'BD000621',N'PL100121',N'HK1920_1', 'MH006',  9, 9, 9), 
(N'BD000622',N'PL100122',N'HK1920_1', 'MH006',  9, 9, 9), 
(N'BD000623',N'PL100123',N'HK1920_1', 'MH006',  9, 9, 9), 
(N'BD000624',N'PL100124',N'HK1920_1', 'MH006',  9, 9, 9), 
(N'BD000625',N'PL100125',N'HK1920_1', 'MH006',  9, 9, 9), 
(N'BD000626',N'PL100126',N'HK1920_1', 'MH006',  9, 9, 9), 
(N'BD000627',N'PL100127',N'HK1920_1', 'MH006',  9, 9, 9), 
(N'BD000628',N'PL100128',N'HK1920_1', 'MH006',  9, 9, 9), 
(N'BD000629',N'PL100129',N'HK1920_1', 'MH006',  9, 9, 9), 
(N'BD000630',N'PL100130',N'HK1920_1', 'MH006',  9, 9, 9), 
(N'BD000631',N'PL100131',N'HK1920_1', 'MH006',  9, 9, 9), 
(N'BD000632',N'PL100132',N'HK1920_1', 'MH006',  9, 9, 9), 
(N'BD000633',N'PL100133',N'HK1920_1', 'MH006',  9, 9, 9), 
(N'BD000634',N'PL100134',N'HK1920_1', 'MH006',  9, 9, 9), 
(N'BD000635',N'PL100135',N'HK1920_1', 'MH006',  9, 9, 9), 
(N'BD000636',N'PL100136',N'HK1920_1', 'MH006',  9, 9, 9), 
(N'BD000637',N'PL100137',N'HK1920_1', 'MH006',  9, 9, 9), 
(N'BD000638',N'PL100138',N'HK1920_1', 'MH006',  9, 9, 9), 
(N'BD000639',N'PL100139',N'HK1920_1', 'MH006',  9, 9, 9), 
(N'BD000640',N'PL100140',N'HK1920_1', 'MH006',  9, 9, 9), 
(N'BD000641',N'PL100141',N'HK1920_1', 'MH006',  9, 9, 9), 
(N'BD000642',N'PL100142',N'HK1920_1', 'MH006',  9, 9, 9), 
(N'BD000643',N'PL100143',N'HK1920_1', 'MH006',  9, 9, 9), 
(N'BD000644',N'PL100144',N'HK1920_1', 'MH006',  9, 9, 9), 
(N'BD000645',N'PL100145',N'HK1920_1', 'MH006',  9, 9, 9), 
(N'BD000646',N'PL100146',N'HK1920_1', 'MH006',  9, 9, 9), 
(N'BD000647',N'PL100147',N'HK1920_1', 'MH006',  9, 9, 9), 
(N'BD000648',N'PL100148',N'HK1920_1', 'MH006',  9, 9, 9), 
(N'BD000650',N'PL100150',N'HK1920_1', 'MH006',  9, 9, 9), 
(N'BD000651',N'PL100151',N'HK1920_1', 'MH006',  9, 9, 9), 
(N'BD000652',N'PL100152',N'HK1920_1', 'MH006',  9, 9, 9), 
(N'BD000653',N'PL100153',N'HK1920_1', 'MH006',  9, 9, 9), 
(N'BD000654',N'PL100154',N'HK1920_1', 'MH006',  9, 9, 9), 
(N'BD000655',N'PL100155',N'HK1920_1', 'MH006',  9, 9, 9), 
(N'BD000656',N'PL100156',N'HK1920_1', 'MH006',  9, 9, 9), 
(N'BD000657',N'PL100157',N'HK1920_1', 'MH006',  9, 9, 9),
(N'BD000658',N'PL100158',N'HK1920_1', 'MH006',  9, 9, 9), 
(N'BD000659',N'PL100159',N'HK1920_1', 'MH006',  9, 9, 9), 
(N'BD000660',N'PL100160',N'HK1920_1', 'MH006',  9, 9, 9), 
(N'BD000661',N'PL100161',N'HK1920_1', 'MH006',  9, 9, 9), 
(N'BD000662',N'PL100162',N'HK1920_1', 'MH006',  9, 9, 9), 
(N'BD000663',N'PL100163',N'HK1920_1', 'MH006',  9, 9, 9), 
(N'BD000664',N'PL100164',N'HK1920_1', 'MH006',  9, 9, 9), 
(N'BD000665',N'PL100165',N'HK1920_1', 'MH006',  9, 9, 9), 
(N'BD000666',N'PL100166',N'HK1920_1', 'MH006',  9, 9, 9), 
(N'BD000667',N'PL100167',N'HK1920_1', 'MH006',  9, 9, 9), 
(N'BD000668',N'PL100168',N'HK1920_1', 'MH006',  9, 9, 9), 
(N'BD000669',N'PL100169',N'HK1920_1', 'MH006',  9, 9, 9), 
(N'BD000670',N'PL100170',N'HK1920_1', 'MH006',  9, 9, 9), 
(N'BD000671',N'PL100171',N'HK1920_1', 'MH006',  9, 9, 9), 
(N'BD000672',N'PL100172',N'HK1920_1', 'MH006',  9, 9, 9), 
(N'BD000673',N'PL100173',N'HK1920_1', 'MH006',  9, 9, 9), 
(N'BD000674',N'PL100174',N'HK1920_1', 'MH006',  9, 9, 9), 
(N'BD000675',N'PL100175',N'HK1920_1', 'MH006',  9, 9, 9), 
(N'BD000676',N'PL100176',N'HK1920_1', 'MH006',  9, 9, 9), 
(N'BD000677',N'PL100177',N'HK1920_1', 'MH006',  9, 9, 9), 
(N'BD000678',N'PL100178',N'HK1920_1', 'MH006',  9, 9, 9), 
(N'BD000679',N'PL100179',N'HK1920_1', 'MH006',  9, 9, 9), 
(N'BD000680',N'PL100180',N'HK1920_1', 'MH006',  9, 9, 9), 
(N'BD000681',N'PL100181',N'HK1920_1', 'MH006',  9, 9, 9), 
(N'BD000682',N'PL100182',N'HK1920_1', 'MH006',  9, 9, 9), 
(N'BD000683',N'PL100183',N'HK1920_1', 'MH006',  9, 9, 9), 
(N'BD000684',N'PL100184',N'HK1920_1', 'MH006',  9, 9, 9), 
(N'BD000685',N'PL100185',N'HK1920_1', 'MH006',  9, 9, 9), 
(N'BD000686',N'PL100186',N'HK1920_1', 'MH006',  9, 9, 9), 
(N'BD000687',N'PL100187',N'HK1920_1', 'MH006',  9, 9, 9), 
(N'BD000688',N'PL100188',N'HK1920_1', 'MH006',  9, 9, 9), 
(N'BD000689',N'PL100189',N'HK1920_1', 'MH006',  9, 9, 9), 
(N'BD000690',N'PL100190',N'HK1920_1', 'MH006',  9, 9, 9),

--Van
(N'BD000700',N'PL100100',N'HK1920_1', 'MH007',  9, 9, 9), 
(N'BD000701',N'PL100101',N'HK1920_1', 'MH007',  9, 9, 9), 
(N'BD000702',N'PL100102',N'HK1920_1', 'MH007',  9, 9, 9), 
(N'BD000703',N'PL100103',N'HK1920_1', 'MH007',  9, 9, 9), 
(N'BD000704',N'PL100104',N'HK1920_1', 'MH007',  9, 9, 9), 
(N'BD000705',N'PL100105',N'HK1920_1', 'MH007',  9, 9, 9), 
(N'BD000706',N'PL100106',N'HK1920_1', 'MH007',  9, 9, 9), 
(N'BD000707',N'PL100107',N'HK1920_1', 'MH007',  9, 9, 9), 
(N'BD000708',N'PL100108',N'HK1920_1', 'MH007',  9, 9, 9), 
(N'BD000709',N'PL100109',N'HK1920_1', 'MH007',  9, 9, 9), 
(N'BD000710',N'PL100110',N'HK1920_1', 'MH007',  9, 9, 9), 
(N'BD000711',N'PL100111',N'HK1920_1', 'MH007',  9, 9, 9),
(N'BD000712',N'PL100112',N'HK1920_1', 'MH007',  9, 9, 9), 
(N'BD000713',N'PL100113',N'HK1920_1', 'MH007',  9, 9, 9), 
(N'BD000714',N'PL100114',N'HK1920_1', 'MH007',  9, 9, 9), 
(N'BD000715',N'PL100115',N'HK1920_1', 'MH007',  9, 9, 9), 
(N'BD000716',N'PL100116',N'HK1920_1', 'MH007',  9, 9, 9), 
(N'BD000717',N'PL100117',N'HK1920_1', 'MH007',  9, 9, 9), 
(N'BD000718',N'PL100118',N'HK1920_1', 'MH007',  9, 9, 9), 
(N'BD000719',N'PL100119',N'HK1920_1', 'MH007',  9, 9, 9), 
(N'BD000720',N'PL100120',N'HK1920_1', 'MH007',  9, 9, 9), 
(N'BD000721',N'PL100121',N'HK1920_1', 'MH007',  9, 9, 9), 
(N'BD000722',N'PL100122',N'HK1920_1', 'MH007',  9, 9, 9), 
(N'BD000723',N'PL100123',N'HK1920_1', 'MH007',  9, 9, 9), 
(N'BD000724',N'PL100124',N'HK1920_1', 'MH007',  9, 9, 9), 
(N'BD000725',N'PL100125',N'HK1920_1', 'MH007',  9, 9, 9), 
(N'BD000726',N'PL100126',N'HK1920_1', 'MH007',  9, 9, 9), 
(N'BD000727',N'PL100127',N'HK1920_1', 'MH007',  9, 9, 9), 
(N'BD000728',N'PL100128',N'HK1920_1', 'MH007',  9, 9, 9), 
(N'BD000729',N'PL100129',N'HK1920_1', 'MH007',  9, 9, 9), 
(N'BD000730',N'PL100130',N'HK1920_1', 'MH007',  9, 9, 9), 
(N'BD000731',N'PL100131',N'HK1920_1', 'MH007',  9, 9, 9), 
(N'BD000732',N'PL100132',N'HK1920_1', 'MH007',  9, 9, 9), 
(N'BD000733',N'PL100133',N'HK1920_1', 'MH007',  9, 9, 9), 
(N'BD000734',N'PL100134',N'HK1920_1', 'MH007',  9, 9, 9), 
(N'BD000735',N'PL100135',N'HK1920_1', 'MH007',  9, 9, 9), 
(N'BD000736',N'PL100136',N'HK1920_1', 'MH007',  9, 9, 9), 
(N'BD000737',N'PL100137',N'HK1920_1', 'MH007',  9, 9, 9), 
(N'BD000738',N'PL100138',N'HK1920_1', 'MH007',  9, 9, 9), 
(N'BD000739',N'PL100139',N'HK1920_1', 'MH007',  9, 9, 9), 
(N'BD000740',N'PL100140',N'HK1920_1', 'MH007',  9, 9, 9), 
(N'BD000741',N'PL100141',N'HK1920_1', 'MH007',  9, 9, 9), 
(N'BD000742',N'PL100142',N'HK1920_1', 'MH007',  9, 9, 9), 
(N'BD000743',N'PL100143',N'HK1920_1', 'MH007',  9, 9, 9), 
(N'BD000744',N'PL100144',N'HK1920_1', 'MH007',  9, 9, 9), 
(N'BD000745',N'PL100145',N'HK1920_1', 'MH007',  9, 9, 9), 
(N'BD000746',N'PL100146',N'HK1920_1', 'MH007',  9, 9, 9), 
(N'BD000747',N'PL100147',N'HK1920_1', 'MH007',  9, 9, 9), 
(N'BD000748',N'PL100148',N'HK1920_1', 'MH007',  9, 9, 9), 
(N'BD000750',N'PL100150',N'HK1920_1', 'MH007',  9, 9, 9), 
(N'BD000751',N'PL100151',N'HK1920_1', 'MH007',  9, 9, 9), 
(N'BD000752',N'PL100152',N'HK1920_1', 'MH007',  9, 9, 9), 
(N'BD000753',N'PL100153',N'HK1920_1', 'MH007',  9, 9, 9), 
(N'BD000754',N'PL100154',N'HK1920_1', 'MH007',  9, 9, 9), 
(N'BD000755',N'PL100155',N'HK1920_1', 'MH007',  9, 9, 9), 
(N'BD000756',N'PL100156',N'HK1920_1', 'MH007',  9, 9, 9), 
(N'BD000757',N'PL100157',N'HK1920_1', 'MH007',  9, 9, 9),
(N'BD000758',N'PL100158',N'HK1920_1', 'MH007',  9, 9, 9), 
(N'BD000759',N'PL100159',N'HK1920_1', 'MH007',  9, 9, 9), 
(N'BD000760',N'PL100160',N'HK1920_1', 'MH007',  9, 9, 9), 
(N'BD000761',N'PL100161',N'HK1920_1', 'MH007',  9, 9, 9), 
(N'BD000762',N'PL100162',N'HK1920_1', 'MH007',  9, 9, 9), 
(N'BD000763',N'PL100163',N'HK1920_1', 'MH007',  9, 9, 9), 
(N'BD000764',N'PL100164',N'HK1920_1', 'MH007',  9, 9, 9), 
(N'BD000765',N'PL100165',N'HK1920_1', 'MH007',  9, 9, 9), 
(N'BD000766',N'PL100166',N'HK1920_1', 'MH007',  9, 9, 9), 
(N'BD000767',N'PL100167',N'HK1920_1', 'MH007',  9, 9, 9), 
(N'BD000768',N'PL100168',N'HK1920_1', 'MH007',  9, 9, 9), 
(N'BD000769',N'PL100169',N'HK1920_1', 'MH007',  9, 9, 9), 
(N'BD000770',N'PL100170',N'HK1920_1', 'MH007',  9, 9, 9), 
(N'BD000771',N'PL100171',N'HK1920_1', 'MH007',  9, 9, 9), 
(N'BD000772',N'PL100172',N'HK1920_1', 'MH007',  9, 9, 9), 
(N'BD000773',N'PL100173',N'HK1920_1', 'MH007',  9, 9, 9), 
(N'BD000774',N'PL100174',N'HK1920_1', 'MH007',  9, 9, 9), 
(N'BD000775',N'PL100175',N'HK1920_1', 'MH007',  9, 9, 9), 
(N'BD000776',N'PL100176',N'HK1920_1', 'MH007',  9, 9, 9), 
(N'BD000777',N'PL100177',N'HK1920_1', 'MH007',  9, 9, 9), 
(N'BD000778',N'PL100178',N'HK1920_1', 'MH007',  9, 9, 9), 
(N'BD000779',N'PL100179',N'HK1920_1', 'MH007',  9, 9, 9), 
(N'BD000780',N'PL100180',N'HK1920_1', 'MH007',  9, 9, 9), 
(N'BD000781',N'PL100181',N'HK1920_1', 'MH007',  9, 9, 9), 
(N'BD000782',N'PL100182',N'HK1920_1', 'MH007',  9, 9, 9), 
(N'BD000783',N'PL100183',N'HK1920_1', 'MH007',  9, 9, 9), 
(N'BD000784',N'PL100184',N'HK1920_1', 'MH007',  9, 9, 9), 
(N'BD000785',N'PL100185',N'HK1920_1', 'MH007',  9, 9, 9), 
(N'BD000786',N'PL100186',N'HK1920_1', 'MH007',  9, 9, 9), 
(N'BD000787',N'PL100187',N'HK1920_1', 'MH007',  9, 9, 9), 
(N'BD000788',N'PL100188',N'HK1920_1', 'MH007',  9, 9, 9), 
(N'BD000789',N'PL100189',N'HK1920_1', 'MH007',  9, 9, 9), 
(N'BD000790',N'PL100190',N'HK1920_1', 'MH007',  9, 9, 9),

--Dao Duc
(N'BD000800',N'PL100100',N'HK1920_1', 'MH008',  9, 9, 9), 
(N'BD000801',N'PL100101',N'HK1920_1', 'MH008',  9, 9, 9), 
(N'BD000802',N'PL100102',N'HK1920_1', 'MH008',  9, 9, 9), 
(N'BD000803',N'PL100103',N'HK1920_1', 'MH008',  9, 9, 9), 
(N'BD000804',N'PL100104',N'HK1920_1', 'MH008',  9, 9, 9), 
(N'BD000805',N'PL100105',N'HK1920_1', 'MH008',  9, 9, 9), 
(N'BD000806',N'PL100106',N'HK1920_1', 'MH008',  9, 9, 9), 
(N'BD000807',N'PL100107',N'HK1920_1', 'MH008',  9, 9, 9), 
(N'BD000808',N'PL100108',N'HK1920_1', 'MH008',  9, 9, 9), 
(N'BD000809',N'PL100109',N'HK1920_1', 'MH008',  9, 9, 9), 
(N'BD000810',N'PL100110',N'HK1920_1', 'MH008',  9, 9, 9), 
(N'BD000811',N'PL100111',N'HK1920_1', 'MH008',  9, 9, 9),
(N'BD000812',N'PL100112',N'HK1920_1', 'MH008',  9, 9, 9), 
(N'BD000813',N'PL100113',N'HK1920_1', 'MH008',  9, 9, 9), 
(N'BD000814',N'PL100114',N'HK1920_1', 'MH008',  9, 9, 9), 
(N'BD000815',N'PL100115',N'HK1920_1', 'MH008',  9, 9, 9), 
(N'BD000816',N'PL100116',N'HK1920_1', 'MH008',  9, 9, 9), 
(N'BD000817',N'PL100117',N'HK1920_1', 'MH008',  9, 9, 9), 
(N'BD000818',N'PL100118',N'HK1920_1', 'MH008',  9, 9, 9), 
(N'BD000819',N'PL100119',N'HK1920_1', 'MH008',  9, 9, 9), 
(N'BD000820',N'PL100120',N'HK1920_1', 'MH008',  9, 9, 9), 
(N'BD000821',N'PL100121',N'HK1920_1', 'MH008',  9, 9, 9), 
(N'BD000822',N'PL100122',N'HK1920_1', 'MH008',  9, 9, 9), 
(N'BD000823',N'PL100123',N'HK1920_1', 'MH008',  9, 9, 9), 
(N'BD000824',N'PL100124',N'HK1920_1', 'MH008',  9, 9, 9), 
(N'BD000825',N'PL100125',N'HK1920_1', 'MH008',  9, 9, 9), 
(N'BD000826',N'PL100126',N'HK1920_1', 'MH008',  9, 9, 9), 
(N'BD000827',N'PL100127',N'HK1920_1', 'MH008',  9, 9, 9), 
(N'BD000828',N'PL100128',N'HK1920_1', 'MH008',  9, 9, 9), 
(N'BD000829',N'PL100129',N'HK1920_1', 'MH008',  9, 9, 9), 
(N'BD000830',N'PL100130',N'HK1920_1', 'MH008',  9, 9, 9), 
(N'BD000831',N'PL100131',N'HK1920_1', 'MH008',  9, 9, 9), 
(N'BD000832',N'PL100132',N'HK1920_1', 'MH008',  9, 9, 9), 
(N'BD000833',N'PL100133',N'HK1920_1', 'MH008',  9, 9, 9), 
(N'BD000834',N'PL100134',N'HK1920_1', 'MH008',  9, 9, 9), 
(N'BD000835',N'PL100135',N'HK1920_1', 'MH008',  9, 9, 9), 
(N'BD000836',N'PL100136',N'HK1920_1', 'MH008',  9, 9, 9), 
(N'BD000837',N'PL100137',N'HK1920_1', 'MH008',  9, 9, 9), 
(N'BD000838',N'PL100138',N'HK1920_1', 'MH008',  9, 9, 9), 
(N'BD000839',N'PL100139',N'HK1920_1', 'MH008',  9, 9, 9), 
(N'BD000840',N'PL100140',N'HK1920_1', 'MH008',  9, 9, 9), 
(N'BD000841',N'PL100141',N'HK1920_1', 'MH008',  9, 9, 9), 
(N'BD000842',N'PL100142',N'HK1920_1', 'MH008',  9, 9, 9), 
(N'BD000843',N'PL100143',N'HK1920_1', 'MH008',  9, 9, 9), 
(N'BD000844',N'PL100144',N'HK1920_1', 'MH008',  9, 9, 9), 
(N'BD000845',N'PL100145',N'HK1920_1', 'MH008',  9, 9, 9), 
(N'BD000846',N'PL100146',N'HK1920_1', 'MH008',  9, 9, 9), 
(N'BD000847',N'PL100147',N'HK1920_1', 'MH008',  9, 9, 9), 
(N'BD000848',N'PL100148',N'HK1920_1', 'MH008',  9, 9, 9), 
(N'BD000850',N'PL100150',N'HK1920_1', 'MH008',  9, 9, 9), 
(N'BD000851',N'PL100151',N'HK1920_1', 'MH008',  9, 9, 9), 
(N'BD000852',N'PL100152',N'HK1920_1', 'MH008',  9, 9, 9), 
(N'BD000853',N'PL100153',N'HK1920_1', 'MH008',  9, 9, 9), 
(N'BD000854',N'PL100154',N'HK1920_1', 'MH008',  9, 9, 9), 
(N'BD000855',N'PL100155',N'HK1920_1', 'MH008',  9, 9, 9), 
(N'BD000856',N'PL100156',N'HK1920_1', 'MH008',  9, 9, 9), 
(N'BD000857',N'PL100157',N'HK1920_1', 'MH008',  9, 9, 9),
(N'BD000858',N'PL100158',N'HK1920_1', 'MH008',  9, 9, 9), 
(N'BD000859',N'PL100159',N'HK1920_1', 'MH008',  9, 9, 9), 
(N'BD000860',N'PL100160',N'HK1920_1', 'MH008',  9, 9, 9), 
(N'BD000861',N'PL100161',N'HK1920_1', 'MH008',  9, 9, 9), 
(N'BD000862',N'PL100162',N'HK1920_1', 'MH008',  9, 9, 9), 
(N'BD000863',N'PL100163',N'HK1920_1', 'MH008',  9, 9, 9), 
(N'BD000864',N'PL100164',N'HK1920_1', 'MH008',  9, 9, 9), 
(N'BD000865',N'PL100165',N'HK1920_1', 'MH008',  9, 9, 9), 
(N'BD000866',N'PL100166',N'HK1920_1', 'MH008',  9, 9, 9), 
(N'BD000867',N'PL100167',N'HK1920_1', 'MH008',  9, 9, 9), 
(N'BD000868',N'PL100168',N'HK1920_1', 'MH008',  9, 9, 9), 
(N'BD000869',N'PL100169',N'HK1920_1', 'MH008',  9, 9, 9), 
(N'BD000870',N'PL100170',N'HK1920_1', 'MH008',  9, 9, 9), 
(N'BD000871',N'PL100171',N'HK1920_1', 'MH008',  9, 9, 9), 
(N'BD000872',N'PL100172',N'HK1920_1', 'MH008',  9, 9, 9), 
(N'BD000873',N'PL100173',N'HK1920_1', 'MH008',  9, 9, 9), 
(N'BD000874',N'PL100174',N'HK1920_1', 'MH008',  9, 9, 9), 
(N'BD000875',N'PL100175',N'HK1920_1', 'MH008',  9, 9, 9), 
(N'BD000876',N'PL100176',N'HK1920_1', 'MH008',  9, 9, 9), 
(N'BD000877',N'PL100177',N'HK1920_1', 'MH008',  9, 9, 9), 
(N'BD000878',N'PL100178',N'HK1920_1', 'MH008',  9, 9, 9), 
(N'BD000879',N'PL100179',N'HK1920_1', 'MH008',  9, 9, 9), 
(N'BD000880',N'PL100180',N'HK1920_1', 'MH008',  9, 9, 9), 
(N'BD000881',N'PL100181',N'HK1920_1', 'MH008',  9, 9, 9), 
(N'BD000882',N'PL100182',N'HK1920_1', 'MH008',  9, 9, 9), 
(N'BD000883',N'PL100183',N'HK1920_1', 'MH008',  9, 9, 9), 
(N'BD000884',N'PL100184',N'HK1920_1', 'MH008',  9, 9, 9), 
(N'BD000885',N'PL100185',N'HK1920_1', 'MH008',  9, 9, 9), 
(N'BD000886',N'PL100186',N'HK1920_1', 'MH008',  9, 9, 9), 
(N'BD000887',N'PL100187',N'HK1920_1', 'MH008',  9, 9, 9), 
(N'BD000888',N'PL100188',N'HK1920_1', 'MH008',  9, 9, 9), 
(N'BD000889',N'PL100189',N'HK1920_1', 'MH008',  9, 9, 9), 
(N'BD000890',N'PL100190',N'HK1920_1', 'MH008',  9, 9, 9),

--TheDuc
(N'BD000900',N'PL100100',N'HK1920_1', 'MH009',  9, 9, 9), 
(N'BD000901',N'PL100101',N'HK1920_1', 'MH009',  9, 9, 9), 
(N'BD000902',N'PL100102',N'HK1920_1', 'MH009',  9, 9, 9), 
(N'BD000903',N'PL100103',N'HK1920_1', 'MH009',  9, 9, 9), 
(N'BD000904',N'PL100104',N'HK1920_1', 'MH009',  9, 9, 9), 
(N'BD000905',N'PL100105',N'HK1920_1', 'MH009',  9, 9, 9), 
(N'BD000906',N'PL100106',N'HK1920_1', 'MH009',  9, 9, 9), 
(N'BD000907',N'PL100107',N'HK1920_1', 'MH009',  9, 9, 9), 
(N'BD000908',N'PL100108',N'HK1920_1', 'MH009',  9, 9, 9), 
(N'BD000909',N'PL100109',N'HK1920_1', 'MH009',  9, 9, 9), 
(N'BD000910',N'PL100110',N'HK1920_1', 'MH009',  9, 9, 9), 
(N'BD000911',N'PL100111',N'HK1920_1', 'MH009',  9, 9, 9),
(N'BD000912',N'PL100112',N'HK1920_1', 'MH009',  9, 9, 9), 
(N'BD000913',N'PL100113',N'HK1920_1', 'MH009',  9, 9, 9), 
(N'BD000914',N'PL100114',N'HK1920_1', 'MH009',  9, 9, 9), 
(N'BD000915',N'PL100115',N'HK1920_1', 'MH009',  9, 9, 9), 
(N'BD000916',N'PL100116',N'HK1920_1', 'MH009',  9, 9, 9), 
(N'BD000917',N'PL100117',N'HK1920_1', 'MH009',  9, 9, 9), 
(N'BD000918',N'PL100118',N'HK1920_1', 'MH009',  9, 9, 9), 
(N'BD000919',N'PL100119',N'HK1920_1', 'MH009',  9, 9, 9), 
(N'BD000920',N'PL100120',N'HK1920_1', 'MH009',  9, 9, 9), 
(N'BD000921',N'PL100121',N'HK1920_1', 'MH009',  9, 9, 9), 
(N'BD000922',N'PL100122',N'HK1920_1', 'MH009',  9, 9, 9), 
(N'BD000923',N'PL100123',N'HK1920_1', 'MH009',  9, 9, 9), 
(N'BD000924',N'PL100124',N'HK1920_1', 'MH009',  9, 9, 9), 
(N'BD000925',N'PL100125',N'HK1920_1', 'MH009',  9, 9, 9), 
(N'BD000926',N'PL100126',N'HK1920_1', 'MH009',  9, 9, 9), 
(N'BD000927',N'PL100127',N'HK1920_1', 'MH009',  9, 9, 9), 
(N'BD000928',N'PL100128',N'HK1920_1', 'MH009',  9, 9, 9), 
(N'BD000929',N'PL100129',N'HK1920_1', 'MH009',  9, 9, 9), 
(N'BD000930',N'PL100130',N'HK1920_1', 'MH009',  9, 9, 9), 
(N'BD000931',N'PL100131',N'HK1920_1', 'MH009',  9, 9, 9), 
(N'BD000932',N'PL100132',N'HK1920_1', 'MH009',  9, 9, 9), 
(N'BD000933',N'PL100133',N'HK1920_1', 'MH009',  9, 9, 9), 
(N'BD000934',N'PL100134',N'HK1920_1', 'MH009',  9, 9, 9), 
(N'BD000935',N'PL100135',N'HK1920_1', 'MH009',  9, 9, 9), 
(N'BD000936',N'PL100136',N'HK1920_1', 'MH009',  9, 9, 9), 
(N'BD000937',N'PL100137',N'HK1920_1', 'MH009',  9, 9, 9), 
(N'BD000938',N'PL100138',N'HK1920_1', 'MH009',  9, 9, 9), 
(N'BD000939',N'PL100139',N'HK1920_1', 'MH009',  9, 9, 9), 
(N'BD000940',N'PL100140',N'HK1920_1', 'MH009',  9, 9, 9), 
(N'BD000941',N'PL100141',N'HK1920_1', 'MH009',  9, 9, 9), 
(N'BD000942',N'PL100142',N'HK1920_1', 'MH009',  9, 9, 9), 
(N'BD000943',N'PL100143',N'HK1920_1', 'MH009',  9, 9, 9), 
(N'BD000944',N'PL100144',N'HK1920_1', 'MH009',  9, 9, 9), 
(N'BD000945',N'PL100145',N'HK1920_1', 'MH009',  9, 9, 9), 
(N'BD000946',N'PL100146',N'HK1920_1', 'MH009',  9, 9, 9), 
(N'BD000947',N'PL100147',N'HK1920_1', 'MH009',  9, 9, 9), 
(N'BD000948',N'PL100148',N'HK1920_1', 'MH009',  9, 9, 9), 
(N'BD000950',N'PL100150',N'HK1920_1', 'MH009',  9, 9, 9), 
(N'BD000951',N'PL100151',N'HK1920_1', 'MH009',  9, 9, 9), 
(N'BD000952',N'PL100152',N'HK1920_1', 'MH009',  9, 9, 9), 
(N'BD000953',N'PL100153',N'HK1920_1', 'MH009',  9, 9, 9), 
(N'BD000954',N'PL100154',N'HK1920_1', 'MH009',  9, 9, 9), 
(N'BD000955',N'PL100155',N'HK1920_1', 'MH009',  9, 9, 9), 
(N'BD000956',N'PL100156',N'HK1920_1', 'MH009',  9, 9, 9), 
(N'BD000957',N'PL100157',N'HK1920_1', 'MH009',  9, 9, 9),
(N'BD000958',N'PL100158',N'HK1920_1', 'MH009',  9, 9, 9), 
(N'BD000959',N'PL100159',N'HK1920_1', 'MH009',  9, 9, 9), 
(N'BD000960',N'PL100160',N'HK1920_1', 'MH009',  9, 9, 9), 
(N'BD000961',N'PL100161',N'HK1920_1', 'MH009',  9, 9, 9), 
(N'BD000962',N'PL100162',N'HK1920_1', 'MH009',  9, 9, 9), 
(N'BD000963',N'PL100163',N'HK1920_1', 'MH009',  9, 9, 9), 
(N'BD000964',N'PL100164',N'HK1920_1', 'MH009',  9, 9, 9), 
(N'BD000965',N'PL100165',N'HK1920_1', 'MH009',  9, 9, 9), 
(N'BD000966',N'PL100166',N'HK1920_1', 'MH009',  9, 9, 9), 
(N'BD000967',N'PL100167',N'HK1920_1', 'MH009',  9, 9, 9), 
(N'BD000968',N'PL100168',N'HK1920_1', 'MH009',  9, 9, 9), 
(N'BD000969',N'PL100169',N'HK1920_1', 'MH009',  9, 9, 9), 
(N'BD000970',N'PL100170',N'HK1920_1', 'MH009',  9, 9, 9), 
(N'BD000971',N'PL100171',N'HK1920_1', 'MH009',  9, 9, 9), 
(N'BD000972',N'PL100172',N'HK1920_1', 'MH009',  9, 9, 9), 
(N'BD000973',N'PL100173',N'HK1920_1', 'MH009',  9, 9, 9), 
(N'BD000974',N'PL100174',N'HK1920_1', 'MH009',  9, 9, 9), 
(N'BD000975',N'PL100175',N'HK1920_1', 'MH009',  9, 9, 9), 
(N'BD000976',N'PL100176',N'HK1920_1', 'MH009',  9, 9, 9), 
(N'BD000977',N'PL100177',N'HK1920_1', 'MH009',  9, 9, 9), 
(N'BD000978',N'PL100178',N'HK1920_1', 'MH009',  9, 9, 9), 
(N'BD000979',N'PL100179',N'HK1920_1', 'MH009',  9, 9, 9), 
(N'BD000980',N'PL100180',N'HK1920_1', 'MH009',  9, 9, 9), 
(N'BD000981',N'PL100181',N'HK1920_1', 'MH009',  9, 9, 9), 
(N'BD000982',N'PL100182',N'HK1920_1', 'MH009',  9, 9, 9), 
(N'BD000983',N'PL100183',N'HK1920_1', 'MH009',  9, 9, 9), 
(N'BD000984',N'PL100184',N'HK1920_1', 'MH009',  9, 9, 9), 
(N'BD000985',N'PL100185',N'HK1920_1', 'MH009',  9, 9, 9), 
(N'BD000986',N'PL100186',N'HK1920_1', 'MH009',  9, 9, 9), 
(N'BD000987',N'PL100187',N'HK1920_1', 'MH009',  9, 9, 9), 
(N'BD000988',N'PL100188',N'HK1920_1', 'MH009',  9, 9, 9), 
(N'BD000989',N'PL100189',N'HK1920_1', 'MH009',  9, 9, 9), 
(N'BD000990',N'PL100190',N'HK1920_1', 'MH009',  9, 9, 9)

